"HOOD.ID","AREA.NAME","Number.of.Collisions","Number.of.KSIs","Number.of.Deaths","Number.of.Collisions.at.Intersections","Number.of.Collisions.at.Non.Intersections","Number.of.Collisions.Involving.Seniors","Number.of.Collisions.Involving.Children","Number.of.Collisions.in.Daylight","Number.of.Collisions.Not.Daylight","Number.of.Collisions.in.Clear.Visibility","Number.of.Collisions.in.No.Clear.Visibility","Number.of.Collisions.on.Arterial.Roads","Number.of.Collisions.on.Non.arterial.Roads","Number.of..Pedestrian.Collisions","Number.of.Cyclist.Collisions","City.Grants.Funding..","Neighbourhood.Equity.Score","Salvation.Army.Donors","Walk.Score","Watermain.Breaks","Diversity.Index...2008","Voter.Turnout...2008","equity_check","walk_check","diversity_check","turnout_check","Number.of.Businesses","Child.Care.Spaces","Debt.Risk.Score","Home.Prices","Local.Employment","Social.Assistance.Recipients","businesses_check","childcare_check","homeprice_check","localemployment_check","socialasst_check","Total...In.LIM.AT","MOST.SPOKEN.NON.OFFICIAL.LANG","X2ND.MOST.SPOKEN.NON.OFFICIAL.LANG","X3RD.MOST.SPOKEN.NON.OFFICIAL.LANG","X..OFFICIAL.LANG.AT.HOME","X..NON.OFFICIAL.LANG.AT.HOME","language_check","Population.2016","Population.density.per.square.kilometre","Land.area.in.square.kilometres","Children..0.14.years.","Youth..15.24.years.","Working.Age..25.54.years.","Pre.retirement..55.64.years.","Seniors..65..years.","Older.Seniors..85..years.","X..Immigrants","X..Visible.Minority","Unemployment.rate","Commute.within.census.subdivision..CSD..of.residence","X..Commute.in.Car.truck","X..Commute.in.Public.transit","X..Commute.in.Walked","X..Commute.by.Bicycle","X..Commute.by.Other","Commuting.duration...Less.than.15.minutes","Commuting.duration...15.to.29.minutes","Commuting.duration...30.to.44.minutes","Commuting.duration...45.to.59.minutes","Commuting.duration...60.minutes.and.over","X..Time.leaving.for.work...Between.5.a.m..and.5.59.a.m.","X..Time.leaving.for.work...Between.6.a.m..and.6.59.a.m.","X..Time.leaving.for.work...Between.7.a.m..and.7.59.a.m.","X..Time.leaving.for.work...Between.8.a.m..and.8.59.a.m.","X..Time.leaving.for.work...Between.9.a.m..and.11.59.a.m.","X..Time.leaving.for.work...Between.12.p.m..and.4.59.a.m.","child_check","senior_check","minority_check","immigrants_check","commute_car_check","TTC.Stops","Traffic.Collisions","Road.Kilometres","Road.Volume","ttc_check","road_km_check","road_vol_check","collisions.per.road.km","ksi.per.road.km","deaths.per.road.km","collisions.per.100k","ksi.per.100k","deaths.per.100k","Number.of.NonKSIs","hinhoods_norm$composite_score"
"1","West Humber-Clairville (1)",387,39,7,299,88,61,47,255,132,314,73,328,59,283,104,123283,45.78,640,57,30,4.76954,34.7571,1,1,1,1,2463,195,719,317508,58271,2912,1,1,0,1,1,15.8,"Punjabi","Gujarati","Spanish",0.64,0.36,1,33312,1117,29.81,0.15,0.16,0.42,0.12,0.15,0.02,0.58,0.82,9.6,0.62,0.68,0.28,0.03,0,0,0.15,0.3,0.25,0.1,0.19,0.09,0.18,0.21,0.18,0.12,0.23,1,0,1,1,1,338,778,165.0073788,5956.638889,1,1,1,2.34534966141769,0.236353066654496,0.0424223452969607,14.1676712778105,1.42774981869408,0.256262787970732,348,45.2105605597472
"10","Princess-Rosethorn (10)",61,2,0,48,13,7,7,49,12,55,6,55,6,29,32,0,76.57,1139,48,19,4.488839,39.1461,0,1,1,0,74,367,791,971668,1226,299,0,1,1,0,0,7.4,"Korean","Serbian","Mandarin",0.86,0.14,0,11051,2138,5.17,0.16,0.14,0.35,0.17,0.18,0.03,0.3,0.19,6,0.67,0.78,0.2,0.02,0,0,0.12,0.32,0.25,0.18,0.12,0.03,0.13,0.34,0.28,0.12,0.1,1,1,0,0,1,61,78,55.51501804,4781,0,1,1,1.09880176848809,0.0360262874914127,0,2.23314715231638,0.0732179394202091,0,59,25.323127609537
"100","Yonge-Eglinton (100)",219,16,2,169,50,28,12,147,72,181,38,188,31,163,56,78748,88.11,829,89,2,4.521739,37.9066,0,0,1,0,690,45,759,975449,11746,189,1,0,1,1,0,12,"Spanish","Mandarin","Korean",0.91,0.09,0,11817,7162,1.65,0.15,0.1,0.5,0.11,0.14,0.01,0.27,0.27,6.9,0.9,0.36,0.49,0.11,0.02,0.02,0.12,0.3,0.37,0.13,0.08,0.02,0.08,0.26,0.38,0.17,0.09,1,0,0,0,0,67,143,22.07398574,5391,0,0,1,9.92118064129908,0.724835115346052,0.0906043894182565,8.0173643665129,0.585743515361673,0.0732179394202091,203,27.3442157332761
"101","Forest Hill South (101)",69,4,1,57,12,6,5,60,9,64,5,48,21,50,19,0,86.24,730,76,5,4.591483,33.91,0,0,1,1,175,30,775,1585984,1945,134,0,0,1,0,0,10.5,"Mandarin","Spanish","Tagalog",0.92,0.07,0,10732,4380,2.45,0.13,0.13,0.39,0.14,0.21,0.03,0.26,0.17,5.6,0.91,0.51,0.38,0.06,0.03,0.03,0.14,0.41,0.29,0.09,0.08,0.01,0.08,0.22,0.36,0.23,0.09,0,1,0,0,0,28,164,30.25289175,5855,0,0,1,2.28077370488063,0.132218765500326,0.0330546913750815,2.52601890999721,0.146435878840418,0.0366089697101045,65,21.9503988682251
"102","Forest Hill North (102)",67,10,1,50,17,12,5,49,18,61,6,39,28,55,12,0,74.94,392,77,3,4.825068,35.714,0,0,1,1,144,110,749,957688,897,633,0,0,1,0,0,15.4,"Tagalog","Russian","Spanish",0.81,0.19,0,12806,8054,1.59,0.16,0.12,0.42,0.13,0.17,0.03,0.39,0.28,7.4,0.86,0.49,0.43,0.04,0.02,0.02,0.12,0.28,0.36,0.14,0.1,0.03,0.09,0.25,0.33,0.19,0.11,1,1,0,0,0,53,153,20.41502948,5872.555556,0,0,1,3.28189582413476,0.489835197632054,0.0489835197632054,2.452800970577,0.366089697101046,0.0366089697101045,57,27.8476537661435
"103","Lawrence Park South (103)",124,11,2,105,19,13,23,83,41,106,18,104,20,79,45,0,90.12,1307,72,3,4.355668,37.6312,0,1,1,0,167,140,784,1215390,1634,240,0,1,1,0,0,7.3,"Mandarin","Persian","Russian",0.93,0.07,0,15179,4685,3.24,0.19,0.14,0.39,0.14,0.15,0.02,0.21,0.17,7.5,0.87,0.57,0.33,0.06,0.02,0.02,0.11,0.29,0.39,0.14,0.07,0.02,0.07,0.29,0.4,0.16,0.07,1,0,0,0,1,39,183,39.90787305,4398.111111,0,1,1,3.10715632087539,0.275634834916365,0.0501154245302482,4.53951224405296,0.40269866681115,0.0732179394202091,113,27.6506496862972
"104","Mount Pleasant West (104)",182,13,2,127,55,22,25,119,63,145,37,129,53,141,41,0,76.39,1392,95,4,5.086278,36.9905,0,0,0,0,1129,255,753,520032,13311,1343,1,1,0,1,0,20.9,"Persian","Spanish","Korean",0.82,0.18,0,29658,21969,1.35,0.08,0.08,0.58,0.1,0.16,0.03,0.39,0.34,6.7,0.89,0.31,0.56,0.11,0.01,0.01,0.1,0.28,0.38,0.14,0.1,0.02,0.08,0.26,0.36,0.17,0.1,0,1,0,0,0,45,228,16.12560861,5827.571429,0,0,1,11.2863957201055,0.806171122864677,0.124026326594566,6.66283248723903,0.475916606231359,0.0732179394202091,169,34.0003107720725
"105","Lawrence Park North (105)",88,5,1,79,9,13,17,63,25,76,12,54,34,61,27,0,92.05,1231,78,3,4.424805,41.0962,0,0,1,0,381,212,790,980831,3624,166,0,1,1,0,0,6.8,"Mandarin","Persian","Spanish",0.93,0.07,0,14607,6407,2.28,0.22,0.11,0.41,0.12,0.13,0.02,0.23,0.21,6.4,0.87,0.5,0.42,0.05,0.01,0.01,0.11,0.3,0.4,0.14,0.05,0.01,0.07,0.32,0.37,0.15,0.08,1,0,0,0,0,55,218,29.60219911,4704.142857,0,0,1,2.9727521145641,0.168906370145687,0.0337812740291375,3.2215893344892,0.183044848550523,0.0366089697101045,83,25.298294854191
"106","Humewood-Cedarvale (106)",107,12,5,84,23,18,10,78,29,89,18,95,12,84,23,0,73.94,302,80,2,5.024598,44.6269,0,0,0,0,139,108,747,800442,1345,698,0,0,1,0,0,15.6,"Tagalog","Spanish","Portuguese",0.87,0.13,0,14365,7682,1.87,0.15,0.11,0.49,0.11,0.14,0.02,0.33,0.29,7.1,0.89,0.38,0.5,0.06,0.04,0.04,0.09,0.27,0.39,0.14,0.11,0.03,0.09,0.25,0.31,0.19,0.14,1,0,0,0,0,29,88,23.21263491,3941,0,0,0,4.60955856217359,0.51695983874844,0.21539993281185,3.91715975898119,0.439307636521255,0.183044848550523,95,29.8154272417948
"107","Oakwood Village (107)",147,17,1,113,34,24,22,105,42,123,24,110,37,109,38,50000,57.33,352,82,0,5.12517,36.0092,1,0,0,0,255,168,713,482040,1573,2412,0,1,0,0,1,18.5,"Portuguese","Spanish","Italian",0.72,0.28,1,21210,9511,2.23,0.15,0.11,0.45,0.12,0.17,0.03,0.48,0.43,6.8,0.87,0.42,0.49,0.04,0.04,0.04,0.07,0.23,0.37,0.19,0.14,0.05,0.14,0.23,0.26,0.16,0.16,1,1,0,1,0,40,178,32.5587855,4503.666667,0,0,1,4.51491042256475,0.522132497847624,0.0307136763439779,5.38151854738537,0.622352485071777,0.0366089697101045,130,33.5047583515654
"108","Briar Hill-Belgravia (108)",102,12,0,80,22,21,16,68,34,87,15,75,27,79,23,31400,57.81,218,81,2,5.31869,30.8211,0,0,0,1,477,25,719,373937,3446,1432,0,0,0,0,0,17,"Tagalog","Portuguese","Spanish",0.63,0.37,1,14257,7791,1.83,0.13,0.12,0.47,0.14,0.15,0.02,0.6,0.46,8.7,0.85,0.44,0.5,0.04,0.01,0.01,0.08,0.21,0.36,0.17,0.17,0.07,0.16,0.25,0.23,0.12,0.17,0,0,0,1,0,45,137,22.4839455,11837.28571,0,0,1,4.536570327481,0.533714156174235,0,3.73411491043066,0.439307636521255,0,90,30.3368229996884
"109","Caledonia-Fairbank (109)",114,12,3,96,18,17,12,80,34,92,22,102,12,91,23,9000,44.65,89,69,1,4.377647,33.9266,1,1,1,1,92,75,700,400532,944,1153,0,0,0,0,0,14.2,"Portuguese","Spanish","Italian",0.62,0.38,1,9955,6464,1.54,0.15,0.12,0.46,0.14,0.13,0.02,0.53,0.36,7.2,0.87,0.51,0.43,0.03,0.01,0.01,0.07,0.21,0.31,0.21,0.21,0.09,0.2,0.25,0.19,0.1,0.16,1,0,0,1,0,37,82,18.70522556,5796,0,0,1,6.09455361200146,0.641531959158048,0.160382989789512,4.17342254695192,0.439307636521255,0.109826909130314,102,33.8897465755696
"11","Eringate-Centennial-West Deane (11)",89,6,0,66,23,14,30,62,27,76,13,59,30,58,31,0,62.56,950,57,12,5.103427,34.764,0,1,0,1,229,172,775,423034,3472,775,0,1,0,0,0,9.7,"Ukrainian","Polish","Serbian",0.75,0.24,0,18588,2171,8.56,0.14,0.13,0.37,0.15,0.2,0.03,0.44,0.28,7.4,0.65,0.74,0.22,0.02,0,0,0.16,0.33,0.22,0.12,0.18,0.05,0.15,0.3,0.24,0.13,0.13,0,1,0,0,1,85,166,63.07531488,6543.222222,1,1,1,1.41101158463214,0.0951243764920544,0,3.25819830419931,0.219653818260627,0,83,32.4115659686153
"110","Keelesdale-Eglinton West (110)",175,21,1,142,33,32,23,123,52,144,31,147,28,134,41,0,40.14,132,69,3,4.565908,28.5705,1,1,1,1,266,25,707,373029,1644,1653,0,0,0,0,0,18.1,"Portuguese","Spanish","Italian",0.59,0.41,1,11058,6467,1.71,0.15,0.13,0.43,0.13,0.16,0.02,0.56,0.43,8.6,0.81,0.58,0.37,0.04,0.01,0.01,0.08,0.22,0.32,0.16,0.22,0.1,0.23,0.23,0.17,0.11,0.16,1,1,0,1,1,24,141,22.30262457,2186.666667,0,0,0,7.84661013553527,0.941593216264233,0.0448377722030587,6.4065696992683,0.768788363912196,0.0366089697101045,154,40.2574004950569
"111","Rockcliffe-Smythe (111)",174,23,3,140,34,18,42,127,47,150,24,120,54,124,50,0,33.86,539,61,8,5.419384,36.3593,1,1,0,0,314,110,710,353967,3345,3422,0,0,0,0,1,22.7,"Portuguese","Spanish","Vietnamese",0.68,0.32,1,22246,4414,5.04,0.16,0.12,0.42,0.14,0.16,0.02,0.5,0.46,9.2,0.78,0.57,0.37,0.04,0.01,0.01,0.09,0.23,0.28,0.19,0.2,0.08,0.19,0.24,0.19,0.11,0.18,1,1,0,1,1,104,193,43.05565102,5589.25,1,1,1,4.04128136209517,0.534192363955109,0.0696772648637099,6.36996072955819,0.842006303332405,0.109826909130314,151,40.1686882254321
"112","Beechborough-Greenbrook (112)",44,6,0,35,9,2,11,29,15,40,4,34,10,32,12,5000,26.54,108,62,3,5.112217,31.5296,1,1,0,1,128,22,677,440179,4140,1478,0,0,0,0,0,28.9,"Portuguese","Spanish","Italian",0.74,0.26,0,6577,3614,1.82,0.17,0.13,0.42,0.13,0.15,0.02,0.54,0.59,11.4,0.79,0.53,0.42,0.04,0.01,0.01,0.1,0.21,0.3,0.17,0.23,0.08,0.22,0.22,0.16,0.1,0.2,1,0,1,1,1,35,103,16.39852965,5102,0,0,1,2.6831673899495,0.365886462265841,0,1.6107946672446,0.219653818260627,0,38,29.1336680119435
"113","Weston (113)",262,21,3,193,69,30,38,168,94,226,36,210,52,215,47,46910,35.99,377,73,10,5.351026,37.9992,1,0,0,0,536,157,679,280187,4578,4149,0,1,0,0,1,29.9,"Spanish","Somali","Portuguese",0.76,0.24,0,17992,7197,2.5,0.17,0.12,0.43,0.14,0.14,0.02,0.49,0.61,10.6,0.73,0.57,0.38,0.04,0,0,0.09,0.26,0.29,0.14,0.22,0.08,0.19,0.24,0.17,0.11,0.21,1,0,1,1,1,75,196,29.13558051,4369.25,1,0,0,8.99244138657459,0.720768202740711,0.102966886105816,9.59155006404739,0.768788363912196,0.109826909130314,241,43.7000833228531
"114","Lambton Baby Point (114)",45,2,0,38,7,4,9,36,9,38,7,37,8,30,15,0,66.36,360,70,1,5.004708,41.6178,0,1,0,0,66,19,749,806452,438,1049,0,0,1,0,0,18.5,"Ukrainian","Spanish","Polish",0.87,0.13,0,7985,4697,1.7,0.21,0.11,0.41,0.13,0.13,0.02,0.3,0.24,7.6,0.82,0.5,0.4,0.04,0.04,0.04,0.08,0.22,0.35,0.22,0.13,0.03,0.13,0.31,0.29,0.12,0.12,1,0,0,0,0,28,52,19.21811928,2337.857143,0,0,0,2.34154025918815,0.104068455963918,0,1.6474036369547,0.0732179394202091,0,43,24.1825239040037
"115","Mount Dennis (115)",110,7,2,85,25,7,28,63,47,92,18,90,20,85,25,0,26.39,157,59,1,5.659364,29.9101,1,1,0,1,184,109,680,273418,2198,2937,0,0,0,0,1,25.4,"Spanish","Portuguese","Vietnamese",0.7,0.3,1,13593,6442,2.11,0.18,0.13,0.44,0.13,0.12,0.02,0.56,0.68,10.8,0.78,0.52,0.45,0.02,0,0,0.07,0.2,0.28,0.17,0.28,0.09,0.21,0.24,0.15,0.09,0.21,1,0,1,1,1,59,64,17.69051031,13491.5,0,0,1,6.21802300060388,0.395692372765701,0.113054963647343,4.0269866681115,0.256262787970732,0.0732179394202091,103,35.584458094998
"116","Steeles (116)",168,22,4,149,19,26,21,97,71,125,43,140,28,116,52,35000,51.66,574,61,2,2.886918,30.2621,1,1,1,1,237,105,778,440688,5835,1549,0,0,0,0,0,21.1,"Cantonese","Mandarin","Arabic",0.32,0.68,1,24623,5436,4.53,0.13,0.11,0.39,0.14,0.23,0.04,0.72,0.91,9.5,0.61,0.73,0.23,0.03,0,0,0.14,0.3,0.26,0.11,0.19,0.04,0.12,0.23,0.23,0.27,0.13,0,1,1,1,1,80,234,46.33675666,3711.3125,1,1,0,3.62563140171235,0.474785064509951,0.0863245571836275,6.15030691129757,0.8053973336223,0.146435878840418,146,47.4466752061722
"117","LAmoreaux (117)",202,17,3,167,35,40,34,143,59,168,34,176,26,151,51,8000,50.78,1405,65,6,4.594557,34.1213,1,1,1,1,443,126,758,355438,4734,3848,0,1,0,0,1,23.7,"Mandarin","Cantonese","Tamil",0.47,0.53,1,43993,6144,7.16,0.14,0.13,0.39,0.13,0.2,0.03,0.65,0.77,10.9,0.71,0.63,0.33,0.02,0,0,0.1,0.27,0.26,0.13,0.23,0.04,0.14,0.24,0.22,0.19,0.16,0,1,1,1,1,138,215,66.57614957,2482.52381,1,1,0,3.03411959545079,0.255346698627047,0.0450611821106554,7.39501188144112,0.622352485071777,0.109826909130314,185,46.2170921119383
"118","Tam OShanter-Sullivan (118)",216,24,6,160,56,49,34,142,74,187,29,196,20,157,59,0,55.14,1031,64,15,4.565937,37.1095,1,1,1,0,343,192,756,411143,3882,1973,0,1,0,0,1,23.7,"Mandarin","Cantonese","Tamil",0.54,0.46,1,27446,5073,5.41,0.14,0.12,0.39,0.13,0.22,0.04,0.62,0.75,9.1,0.76,0.61,0.35,0.03,0,0,0.11,0.3,0.26,0.11,0.21,0.04,0.14,0.25,0.24,0.17,0.16,0,1,1,1,1,55,171,50.85001538,2522.181818,0,1,0,4.24778632584162,0.471976258426846,0.117994064606712,7.90753745738258,0.878615273042509,0.219653818260627,192,49.6574169738777
"119","Wexford/Maryvale (119)",246,24,7,182,64,34,32,168,78,207,39,214,32,173,73,51800,49.47,1539,67,18,5.111244,39.6217,1,1,0,0,945,140,735,422689,16717,3014,1,1,0,1,1,19.2,"Tagalog","Tamil","Mandarin",0.71,0.29,1,27917,2724,10.25,0.15,0.13,0.41,0.14,0.17,0.03,0.5,0.55,9,0.82,0.62,0.34,0.03,0.01,0.01,0.13,0.26,0.25,0.16,0.19,0.06,0.17,0.25,0.19,0.14,0.18,1,1,1,1,1,182,262,86.67723451,3539.25,1,1,0,2.83811546815812,0.276889313966646,0.0807593832402718,9.00580654868572,0.878615273042509,0.256262787970732,222,39.2946192952339
"12","Markland Wood (12)",42,6,1,34,8,10,9,32,10,37,5,33,9,34,8,1200,74.88,953,69,11,4.662156,37.7516,0,1,1,0,106,105,783,505350,1494,239,0,0,0,0,0,8.3,"Serbian","Ukrainian","Polish",0.78,0.22,0,10554,3614,2.92,0.13,0.11,0.34,0.16,0.26,0.05,0.37,0.13,6.2,0.66,0.71,0.23,0.04,0.01,0.01,0.19,0.29,0.21,0.14,0.17,0.05,0.15,0.28,0.28,0.13,0.12,0,1,0,0,1,29,76,27.72983914,4689.333333,0,0,1,1.51461390698857,0.216373415284082,0.0360622358806803,1.53757672782439,0.219653818260627,0.0366089697101045,36,30.6768768892335
"120","Clairlea-Birchmount (120)",220,20,7,150,70,29,43,155,65,180,40,194,26,168,52,48393,48.34,719,69,8,5.054501,38.6241,1,1,0,0,831,84,741,387912,15391,2688,1,0,0,1,1,19.5,"Bengali","Tagalog","Mandarin",0.69,0.31,1,26984,3632,7.43,0.17,0.13,0.44,0.12,0.13,0.02,0.5,0.61,8.7,0.88,0.52,0.44,0.03,0.01,0.01,0.11,0.21,0.28,0.21,0.19,0.06,0.14,0.25,0.22,0.13,0.2,1,0,1,1,1,129,268,63.8376636,3601,1,1,0,3.44624141288279,0.313294673898435,0.109653135864452,8.053973336223,0.732179394202091,0.256262787970732,200,39.5648132905797
"121","Oakridge (121)",96,6,1,71,25,5,19,62,34,77,19,81,15,61,35,30400,28.57,165,71,2,5.259426,33.5762,1,1,0,1,201,54,704,347446,1768,2967,0,0,0,0,1,43,"Bengali","Cantonese","Urdu",0.6,0.4,1,13845,7444,1.86,0.21,0.12,0.44,0.12,0.12,0.02,0.55,0.75,14.6,0.9,0.39,0.55,0.05,0.01,0.01,0.11,0.19,0.3,0.2,0.2,0.04,0.15,0.23,0.19,0.16,0.22,1,0,1,1,0,56,76,19.11891564,3205,0,0,0,5.02120527166048,0.31382532947878,0.0523042215797967,3.51446109217004,0.219653818260627,0.0366089697101045,90,36.9956915694449
"122","Birchcliffe-Cliffside (122)",157,20,5,116,41,22,30,111,46,139,18,128,29,103,54,64400,60.28,1143,71,8,4.481315,37.9681,0,1,1,0,345,110,747,522905,3228,1789,0,0,0,0,0,14.5,"Bengali","Cantonese","Tagalog",0.91,0.09,0,22291,3765,5.92,0.15,0.11,0.41,0.16,0.18,0.03,0.28,0.26,8.8,0.89,0.61,0.32,0.04,0.01,0.01,0.13,0.24,0.27,0.17,0.19,0.05,0.13,0.28,0.25,0.13,0.15,1,1,0,0,1,104,193,64.45457811,2636.263158,1,1,0,2.43582387168929,0.310296034610101,0.0775740086525252,5.74760824448641,0.732179394202091,0.183044848550523,137,33.3192621177082
"123","Cliffcrest (123)",82,7,1,57,25,6,23,69,13,74,8,68,14,49,33,0,55.95,928,54,16,4.7402,40.555,1,1,1,0,200,70,748,542218,2132,1342,0,0,0,0,0,18,"Bengali","Tamil","Mandarin",0.82,0.18,0,15935,2273,7.01,0.16,0.13,0.38,0.15,0.17,0.02,0.37,0.42,9.7,0.88,0.62,0.34,0.03,0.01,0.01,0.11,0.26,0.25,0.16,0.21,0.06,0.16,0.27,0.23,0.12,0.16,1,1,0,0,1,69,108,51.38712788,3779.625,0,1,0,1.59573035861213,0.136220884271768,0.0194601263245382,3.00193551622857,0.256262787970732,0.0366089697101045,75,29.2932258393779
"124","Kennedy Park (124)",168,27,7,118,50,25,25,109,59,145,23,159,9,129,39,9000,42.38,354,62,6,5.128451,37.5319,1,1,0,0,261,82,729,293600,1824,2583,0,0,0,0,1,26.3,"Bengali","Tagalog","Tamil",0.67,0.33,1,17123,4770,3.59,0.16,0.13,0.42,0.15,0.15,0.02,0.55,0.7,9.1,0.88,0.49,0.47,0.02,0.01,0.01,0.1,0.18,0.27,0.21,0.23,0.06,0.17,0.22,0.19,0.14,0.22,1,0,1,1,0,73,117,30.81869749,2876.75,1,0,0,5.45123621965245,0.876091535301286,0.227134842485519,6.15030691129757,0.988442182172823,0.256262787970732,141,43.0447332797559
"125","Ionview (125)",81,8,2,61,20,8,8,50,31,67,14,81,0,59,22,70000,35.73,285,70,4,5.000682,33.6001,1,1,0,1,148,45,712,330109,1003,1675,0,0,0,0,0,23.4,"Tamil","Tagalog","Bengali",0.67,0.33,1,13641,7031,1.94,0.17,0.12,0.44,0.13,0.14,0.02,0.57,0.73,8.8,0.87,0.44,0.5,0.04,0,0,0.13,0.2,0.25,0.19,0.22,0.06,0.17,0.23,0.19,0.13,0.21,1,0,1,1,0,22,32,16.898618,2664,0,0,0,4.79329138039572,0.473411494360071,0.118352873590018,2.96532654651847,0.292871757680836,0.0732179394202091,73,31.7512278284364
"126","Dorset Park (126)",189,16,3,138,51,14,31,113,76,143,46,176,13,141,48,0,45.12,558,68,5,5.060029,32.9104,1,1,0,1,969,52,727,279189,12722,2803,1,0,0,1,1,22.3,"Tamil","Tagalog","Cantonese",0.6,0.4,1,25003,4146,6.03,0.17,0.13,0.42,0.13,0.15,0.03,0.6,0.78,9.7,0.8,0.56,0.39,0.04,0,0,0.13,0.24,0.25,0.16,0.22,0.06,0.17,0.24,0.2,0.13,0.2,1,0,1,1,1,93,251,39.00312698,3959,1,1,0,4.84576531766069,0.410223518955402,0.076916909804138,6.91909527520976,0.585743515361673,0.109826909130314,173,38.1181594604461
"127","Bendale (127)",191,22,3,138,53,24,32,118,73,156,35,165,26,156,35,7500,47.72,968,64,6,5.07059,35.6323,1,1,0,1,853,200,738,329355,17680,2729,1,1,0,1,1,23.5,"Mandarin","Tamil","Cantonese",0.61,0.39,1,29960,4011,7.47,0.15,0.15,0.4,0.12,0.18,0.03,0.55,0.72,8.8,0.82,0.57,0.38,0.04,0,0,0.13,0.23,0.25,0.15,0.24,0.06,0.15,0.24,0.23,0.14,0.18,1,1,1,1,1,118,258,62.86449729,4499.117647,1,1,1,3.03828087766134,0.349959053971463,0.0477216891779268,6.99231321462997,0.8053973336223,0.109826909130314,169,39.6144388929063
"128","Agincourt South-Malvern West (128)",250,19,2,178,72,41,29,175,75,216,34,233,17,178,72,8900,53.43,533,66,12,4.131801,33.1112,1,1,1,1,1378,135,756,332710,18329,1542,1,1,0,1,0,22.6,"Cantonese","Mandarin","Tamil",0.47,0.53,1,23757,3034,7.83,0.13,0.14,0.42,0.14,0.17,0.02,0.64,0.86,9.8,0.74,0.67,0.29,0.03,0,0,0.14,0.27,0.25,0.12,0.22,0.03,0.13,0.23,0.23,0.22,0.16,0,1,1,1,1,125,160,55.9797809,3773.071429,1,1,0,4.46589815073749,0.339408259456049,0.0357271852058999,9.15224242752614,0.695570424491986,0.0732179394202091,231,43.4328051609726
"129","Agincourt North (129)",151,13,4,128,23,35,23,97,54,122,29,124,27,118,33,0,54.67,467,66,4,3.576297,33.7874,1,1,1,1,353,130,765,375307,7449,1930,0,1,0,0,1,21.5,"Cantonese","Mandarin","Tamil",0.38,0.62,1,29113,3929,7.41,0.13,0.13,0.39,0.15,0.21,0.03,0.69,0.91,9.8,0.7,0.68,0.28,0.02,0.01,0.01,0.14,0.27,0.25,0.12,0.23,0.04,0.13,0.22,0.23,0.22,0.15,0,1,1,1,1,94,288,57.45648472,3584.058824,1,1,0,2.62807585141801,0.22625818588367,0.0696179033488215,5.52795442622579,0.475916606231359,0.146435878840418,138,45.0416262461739
"13","Etobicoke West Mall (13)",42,4,0,31,11,1,10,26,16,34,8,39,3,32,10,64200,51.19,424,74,3,5.282766,31.287,1,0,0,1,146,60,738,298426,4340,1091,0,0,0,0,0,18.4,"Serbian","Spanish","Ukrainian",0.68,0.32,1,11848,6582,1.8,0.14,0.12,0.42,0.14,0.17,0.04,0.51,0.39,7.9,0.67,0.63,0.32,0.04,0.01,0.01,0.17,0.28,0.21,0.13,0.21,0.07,0.15,0.27,0.23,0.13,0.16,0,1,0,1,1,27,31,15.67267236,3598,0,0,0,2.67982377448232,0.255221311855459,0,1.53757672782439,0.146435878840418,0,38,28.5532034933296
"130","Milliken (130)",286,30,7,234,52,46,21,187,99,237,49,256,30,161,125,2000,56.85,337,65,1,3.039185,30.9314,1,1,1,1,2090,220,770,387879,16901,1921,1,1,0,1,1,22.1,"Cantonese","Mandarin","Tamil",0.32,0.68,1,26572,2830,9.39,0.14,0.12,0.4,0.15,0.19,0.03,0.7,0.97,9.5,0.64,0.73,0.24,0.02,0,0,0.12,0.3,0.26,0.11,0.22,0.03,0.12,0.22,0.24,0.26,0.13,0,1,1,1,1,160,426,67.435866,3917.571429,1,1,0,4.24106661579759,0.444867127531216,0.103802329757284,10.4701653370899,1.09826909130314,0.256262787970732,256,49.3608617818849
"131","Rouge (131)",120,12,2,96,24,9,31,87,33,96,24,67,53,85,35,0,48.81,805,42,2,4.982575,33.8903,1,1,0,1,877,210,738,426850,14207,2994,1,1,0,1,1,9.5,"Tamil","Tagalog","Urdu",0.71,0.29,1,46496,1260,36.89,0.17,0.14,0.4,0.14,0.14,0.01,0.56,0.81,8.2,0.76,0.71,0.28,0.01,0,0,0.11,0.24,0.24,0.16,0.26,0.07,0.19,0.26,0.18,0.13,0.19,1,0,1,1,1,199,770,115.7449367,4300.913043,1,1,0,1.03676241416096,0.103676241416096,0.0172793735693494,4.39307636521255,0.439307636521255,0.0732179394202091,108,31.0105944915333
"132","Malvern (132)",222,24,6,181,41,25,45,143,79,175,47,184,38,169,53,101775,43.89,498,61,0,4.775605,29.8452,1,1,1,1,625,81,724,256488,11173,5078,1,0,0,1,1,20.5,"Tamil","Cantonese","Tagalog",0.65,0.35,1,43794,4948,8.85,0.18,0.15,0.41,0.13,0.13,0.01,0.61,0.9,10.5,0.77,0.63,0.33,0.02,0,0,0.13,0.23,0.24,0.12,0.28,0.06,0.19,0.24,0.16,0.13,0.23,1,0,1,1,1,180,334,74.91197001,3766.772727,1,1,0,2.96347833290681,0.320376035989926,0.0800940089974814,8.12719127564321,0.878615273042509,0.219653818260627,198,41.8780134564212
"133","Centennial Scarborough (133)",50,2,0,44,6,2,14,33,17,44,6,37,13,28,22,0,70.75,611,54,2,4.711154,38.9269,0,1,1,0,126,80,774,491024,951,399,0,0,0,0,0,6.3,"Tamil","Tagalog","Bengali",0.87,0.13,0,13362,2479,5.39,0.16,0.14,0.38,0.15,0.18,0.01,0.37,0.44,7.6,0.82,0.7,0.27,0.02,0,0,0.11,0.24,0.23,0.15,0.28,0.05,0.17,0.32,0.22,0.11,0.13,1,1,0,0,1,44,115,45.86598925,2994.571429,0,1,0,1.09013237951692,0.0436052951806768,0,1.83044848550523,0.0732179394202091,0,48,24.2273523200602
"134","Highland Creek (134)",39,5,2,30,9,4,9,27,12,34,5,25,14,27,12,0,58.77,433,54,1,4.950386,33.2523,0,1,0,1,91,110,751,529278,1798,724,0,0,0,0,0,10.6,"Tamil","Cantonese","Mandarin",0.74,0.26,0,12494,2403,5.2,0.12,0.15,0.37,0.16,0.19,0.02,0.56,0.75,8.5,0.79,0.72,0.26,0.01,0,0,0.11,0.26,0.25,0.12,0.26,0.07,0.18,0.26,0.18,0.14,0.17,0,1,1,1,1,70,100,37.845626,3516.833333,0,1,0,1.0305021774511,0.132115663775782,0.0528462655103129,1.42774981869408,0.183044848550523,0.0732179394202091,34,27.4131285920333
"135","Morningside (135)",58,2,0,43,15,2,15,35,23,46,12,51,7,47,11,22000,36.89,460,53,8,5.038741,35.0163,1,1,0,1,108,28,711,289646,3566,2534,0,0,0,0,1,23.8,"Tamil","Tagalog","Urdu",0.73,0.27,0,17455,3041,5.74,0.16,0.15,0.39,0.13,0.15,0.02,0.55,0.75,11.4,0.8,0.64,0.33,0.02,0,0,0.1,0.23,0.25,0.15,0.27,0.07,0.18,0.2,0.18,0.13,0.24,1,0,1,1,1,35,88,32.28313942,4873.142857,0,0,1,1.79660346056889,0.0619518434678928,0,2.12332024318606,0.0732179394202091,0,56,28.7986486443149
"136","West Hill (136)",193,24,3,138,55,16,35,114,79,166,27,170,23,145,48,55370,37.25,765,66,8,5.301753,32.5398,1,1,0,1,424,153,706,308229,4500,4974,0,1,0,0,1,25.2,"Tamil","Tagalog","Bengali",0.8,0.2,0,27392,2856,9.59,0.17,0.14,0.39,0.14,0.15,0.02,0.5,0.63,11.6,0.83,0.6,0.36,0.03,0,0,0.09,0.22,0.23,0.16,0.3,0.07,0.18,0.25,0.17,0.11,0.22,1,0,1,1,1,80,166,61.14700126,3824.181818,1,1,0,3.15632812767636,0.392496761990843,0.0490620952488554,7.06553115405018,0.878615273042509,0.109826909130314,169,36.345511620766
"137","Woburn (137)",305,30,1,223,82,27,57,210,95,251,54,267,38,237,68,144255,39.01,1429,66,22,5.021696,37.2474,1,1,0,0,1073,214,723,316584,16190,6747,1,1,0,1,1,27.3,"Gujarati","Tamil","Urdu",0.62,0.38,1,53485,4345,12.31,0.18,0.14,0.41,0.12,0.15,0.02,0.57,0.76,10.6,0.79,0.6,0.35,0.04,0,0,0.13,0.25,0.24,0.13,0.25,0.06,0.17,0.23,0.18,0.14,0.21,1,0,1,1,1,139,438,102.835355,4656.6,1,1,1,2.96590603494294,0.291728462453404,0.00972428208178014,11.1657357615819,1.09826909130314,0.0366089697101045,275,44.8286094692557
"138","Eglinton East (138)",149,15,4,106,43,12,30,99,50,120,29,132,17,120,29,5800,36.28,396,62,5,5.184124,35.3157,1,1,0,1,296,143,705,274020,2351,4171,0,1,0,0,1,26.1,"Tamil","Tagalog","Bengali",0.68,0.32,1,22776,7051,3.23,0.18,0.14,0.4,0.12,0.15,0.02,0.58,0.78,10.8,0.86,0.47,0.5,0.02,0,0,0.1,0.2,0.25,0.19,0.26,0.07,0.17,0.22,0.17,0.13,0.24,1,0,1,1,0,61,122,29.46464034,3086,0,0,0,5.05690883311831,0.509084781857548,0.135755941828679,5.45473648680558,0.549134545651568,0.146435878840418,134,38.9265226280715
"139","Scarborough Village (139)",109,8,2,81,28,6,25,72,37,89,20,101,8,91,18,3200,33.94,410,70,6,5.178616,32.939,1,1,0,1,228,217,699,356096,1851,4133,0,1,0,0,1,32.7,"Tamil","Urdu","Bengali",0.69,0.31,1,16724,5395,3.1,0.2,0.14,0.4,0.13,0.13,0.03,0.55,0.73,13,0.82,0.55,0.41,0.03,0,0,0.1,0.23,0.23,0.16,0.28,0.06,0.18,0.22,0.18,0.13,0.23,1,0,1,1,1,29,65,23.14334537,2111.6,0,0,0,4.70977718464563,0.345671719973991,0.0864179299934977,3.9903776984014,0.292871757680836,0.0732179394202091,101,37.4518299239379
"14","Islington-City Centre West (14)",403,34,1,299,104,52,30,282,121,349,54,352,51,289,114,12500,62.51,2012,72,32,5.258512,33.6886,0,1,0,1,2263,204,755,491678,45794,2534,1,1,0,1,1,15.8,"Korean","Ukrainian","Spanish",0.73,0.27,0,43965,2712,16.21,0.13,0.11,0.47,0.12,0.17,0.03,0.45,0.37,7.3,0.71,0.58,0.37,0.04,0,0,0.12,0.27,0.26,0.19,0.15,0.04,0.14,0.29,0.26,0.13,0.13,0,1,0,1,1,245,366,120.1567608,5704.939394,1,1,1,3.35395193176679,0.282963686551044,0.00832246136914836,14.7534147931721,1.24470497014355,0.0366089697101045,369,37.2802174161626
"140","Guildwood (140)",24,3,1,16,8,4,7,20,4,23,1,20,4,19,5,11500,66.19,903,59,14,4.513205,43.0591,0,1,1,0,67,171,774,444309,924,309,0,1,0,0,0,7.8,"Bengali","Tagalog","Romanian",0.9,0.1,0,9917,2673,3.71,0.13,0.11,0.34,0.16,0.27,0.05,0.32,0.3,7.9,0.83,0.64,0.32,0.03,0,0,0.1,0.21,0.26,0.16,0.27,0.06,0.16,0.3,0.2,0.13,0.14,0,1,0,0,1,29,56,31.41879421,2114.875,0,0,0,0.763873999733614,0.0954842499667017,0.0318280833222339,0.878615273042509,0.109826909130314,0.0366089697101045,21,25.9031866462277
"15","Kingsway South (15)",38,1,0,27,11,7,7,34,4,35,3,26,12,24,14,0,86.19,1047,68,4,4.197114,38.1076,0,1,1,0,195,115,793,941223,2335,74,0,0,1,0,0,4.7,"Ukrainian","Polish","Portuguese",0.94,0.06,0,9271,3593,2.58,0.17,0.12,0.35,0.15,0.22,0.04,0.21,0.12,7.5,0.78,0.62,0.32,0.03,0.01,0.01,0.11,0.23,0.37,0.2,0.09,0.03,0.1,0.33,0.33,0.14,0.07,1,1,0,0,1,33,99,30.48819635,5078.333333,0,0,1,1.2463839960805,0.0327995788442238,0,1.39114084898397,0.0366089697101045,0,37,23.3887006131799
"16","Stonegate-Queensway (16)",159,14,1,127,32,21,22,103,56,130,29,126,33,92,67,0,69.29,1440,67,24,4.755226,37.1248,0,1,1,0,595,283,760,690949,5932,1593,1,1,1,0,0,11.6,"Ukrainian","Polish","Russian",0.81,0.19,0,25051,3199,7.83,0.16,0.1,0.43,0.15,0.17,0.03,0.35,0.18,6.7,0.76,0.64,0.3,0.03,0.02,0.02,0.13,0.26,0.31,0.19,0.12,0.04,0.13,0.31,0.27,0.12,0.13,1,1,0,0,1,106,265,84.63624626,7115.142857,1,1,1,1.8786277396041,0.165413763235581,0.0118152688025415,5.82082618390662,0.512525575941464,0.0366089697101045,145,30.5524379913845
"17","Mimico (includes Humber Bay Shores) (17)",188,18,1,134,54,38,17,142,46,162,26,165,23,117,71,3000,62.36,873,71,6,5.036239,34.0997,0,1,0,1,619,195,741,429941,11549,2634,1,1,0,1,1,18.1,"Polish","Spanish","Russian",0.81,0.19,0,33964,4915,6.91,0.1,0.09,0.52,0.14,0.15,0.02,0.4,0.31,6.2,0.7,0.66,0.28,0.03,0.02,0.02,0.1,0.24,0.31,0.18,0.17,0.05,0.14,0.3,0.24,0.14,0.13,0,0,0,0,1,126,171,52.8735019,4599.75,1,1,1,3.55565629746949,0.340435177417292,0.0189130654120718,6.88248630549966,0.658961454781882,0.0366089697101045,170,32.0527087727733
"18","New Toronto (18)",99,9,2,85,14,10,9,69,30,85,14,75,24,60,39,0,53.21,279,79,6,4.930158,34.5868,1,0,0,1,368,90,719,460811,5289,1600,0,0,0,0,0,24.8,"Polish","Tagalog","Spanish",0.84,0.16,0,11463,3342,3.43,0.14,0.12,0.45,0.14,0.13,0.01,0.35,0.32,8.7,0.75,0.59,0.33,0.05,0.03,0.03,0.12,0.23,0.27,0.16,0.22,0.06,0.15,0.28,0.22,0.1,0.18,0,0,0,0,1,41,109,27.90971541,4541.75,0,0,1,3.5471518983862,0.322468354398745,0.0716596343108323,3.62428800130035,0.329480727390941,0.0732179394202091,90,27.9618894364935
"19","Long Branch (19)",61,1,1,47,14,2,9,47,14,51,10,49,12,33,28,0,56.26,308,72,11,4.791108,35.5761,1,1,1,1,170,54,724,459088,1143,1024,0,0,0,0,0,17.5,"Polish","Ukrainian","Tagalog",0.84,0.16,0,10084,4584,2.2,0.13,0.11,0.47,0.15,0.14,0.01,0.34,0.23,7.1,0.69,0.64,0.3,0.03,0.02,0.02,0.15,0.27,0.27,0.13,0.18,0.08,0.16,0.27,0.23,0.11,0.16,0,0,0,0,1,21,88,26.22108051,2514.5,0,0,0,2.32637247640258,0.0381372537115176,0.0381372537115176,2.23314715231638,0.0366089697101045,0.0366089697101045,60,23.9896970482883
"2","Mount Olive-Silverstone-Jamestown (2)",140,13,2,105,35,18,31,77,63,116,24,117,23,108,32,238172,29.29,222,61,8,4.969163,28.1441,1,1,0,1,271,60,687,251119,3244,6561,0,0,0,0,1,27.8,"Punjabi","Gujarati","Assyrian Languages",0.55,0.45,1,32954,7291,4.52,0.22,0.16,0.41,0.11,0.11,0.01,0.65,0.87,12.1,0.59,0.63,0.33,0.03,0,0,0.11,0.3,0.26,0.11,0.22,0.08,0.21,0.2,0.13,0.11,0.26,1,0,1,1,1,70,154,33.86731754,3514.166667,0,0,0,4.13377882185824,0.383850890601122,0.0590539831694034,5.12525575941464,0.475916606231359,0.0732179394202091,127,42.5786146181754
"20","Alderwood (20)",28,2,1,23,5,3,3,22,6,27,1,23,5,15,13,0,63.88,599,70,20,4.510898,38.2793,0,1,1,0,309,120,764,504233,4839,516,0,0,0,0,0,8.2,"Polish","Italian","Ukrainian",0.82,0.18,0,12054,2435,4.95,0.15,0.1,0.43,0.15,0.17,0.03,0.33,0.21,6.1,0.69,0.74,0.21,0.03,0.01,0.01,0.2,0.3,0.25,0.1,0.15,0.08,0.18,0.27,0.21,0.11,0.15,1,1,0,0,1,60,125,43.87582539,4381,0,1,1,0.638164632827207,0.0455831880590862,0.0227915940295431,1.02505115188293,0.0732179394202091,0.0366089697101045,26,23.9540296321875
"21","Humber Summit (21)",100,15,4,62,38,16,20,69,31,84,16,73,27,69,31,0,34.3,179,61,7,4.215487,29.1012,1,1,1,1,1373,53,715,354381,17950,1659,1,0,0,1,0,20,"Italian","Urdu","Punjabi",0.55,0.45,1,12416,1570,7.91,0.17,0.14,0.39,0.11,0.19,0.02,0.59,0.66,9.6,0.56,0.71,0.26,0.02,0,0,0.13,0.3,0.25,0.1,0.22,0.1,0.19,0.22,0.17,0.11,0.21,1,1,1,1,1,103,286,48.83422843,4400.090909,1,1,1,2.04774403558648,0.307161605337971,0.081909761423459,3.66089697101046,0.549134545651568,0.146435878840418,85,39.8737704308791
"22","Humbermede (22)",142,10,1,103,39,15,23,89,53,121,21,123,19,113,29,0,36.09,200,58,4,5.124448,30.3587,1,1,0,1,374,55,695,314721,5799,2590,0,0,0,0,1,22.5,"Spanish","Urdu","Italian",0.59,0.42,1,15545,3565,4.36,0.19,0.14,0.41,0.11,0.14,0.02,0.61,0.77,10.2,0.65,0.66,0.31,0.02,0,0,0.11,0.3,0.27,0.12,0.21,0.08,0.23,0.21,0.14,0.11,0.23,1,0,1,1,1,46,103,28.13528583,4377.333333,0,0,1,5.04704309236442,0.355425569884818,0.0355425569884818,5.19847369883485,0.366089697101046,0.0366089697101045,132,37.735784246225
"23","Pelmo Park-Humberlea (23)",81,7,0,70,11,11,20,67,14,72,9,70,11,52,29,0,53.79,258,57,2,4.712372,39.1851,1,1,1,0,152,0,735,412618,2855,798,0,0,0,0,0,11.6,"Italian","Spanish","Vietnamese",0.73,0.27,0,10722,2547,4.21,0.16,0.13,0.43,0.13,0.15,0.02,0.46,0.44,6,0.71,0.72,0.26,0.02,0,0,0.12,0.31,0.27,0.12,0.18,0.07,0.2,0.25,0.19,0.12,0.18,1,0,0,1,1,47,110,32.44376816,5889.857143,0,0,1,2.49662738312454,0.215757921998417,0,2.96532654651847,0.256262787970732,0,74,29.9279357701543
"24","Black Creek (24)",122,10,3,82,40,17,21,78,44,91,31,83,39,89,33,45890,21.38,126,62,3,5.456871,41.842,1,1,0,0,306,175,661,235143,3856,6408,0,1,0,0,1,33,"Vietnamese","Spanish","Assyrian Languages",0.62,0.38,1,21737,6282,3.46,0.21,0.15,0.39,0.11,0.13,0.02,0.59,0.81,12.7,0.56,0.6,0.34,0.03,0.01,0.01,0.12,0.29,0.26,0.11,0.22,0.09,0.22,0.2,0.13,0.11,0.25,1,0,1,1,1,94,135,23.51819455,7326.3,1,0,1,5.1874730324484,0.425202707577738,0.127560812273321,4.46629430463276,0.366089697101046,0.109826909130314,112,42.4639788852786
"25","Glenfield-Jane Heights (25)",203,19,4,134,69,28,47,130,73,166,37,140,63,148,55,196977,24.39,247,61,20,5.086977,38.3011,1,1,0,0,587,173,678,304262,8323,7263,1,1,0,0,1,25.7,"Vietnamese","Spanish","Italian",0.62,0.38,1,30491,5864,5.2,0.19,0.15,0.38,0.12,0.16,0.02,0.59,0.77,11.5,0.66,0.62,0.34,0.02,0,0,0.11,0.28,0.26,0.13,0.21,0.09,0.21,0.22,0.14,0.11,0.23,1,1,1,1,1,88,222,41.62227043,3632.714286,1,1,0,4.87719670029543,0.456486390668045,0.0961023980353779,7.43162085115122,0.695570424491986,0.146435878840418,184,47.2039215327325
"26","Downsview-Roding-CFB (26)",379,29,6,301,78,48,52,244,135,308,71,343,36,291,88,399478,37.16,538,59,26,5.036294,32.3401,1,1,0,1,985,238,692,400486,20150,5618,1,1,0,1,1,19.3,"Italian","Spanish","Tagalog",0.65,0.35,1,35052,2337,15,0.16,0.12,0.43,0.12,0.16,0.02,0.56,0.57,7.9,0.72,0.59,0.38,0.03,0,0,0.1,0.26,0.27,0.16,0.22,0.09,0.21,0.25,0.17,0.11,0.18,1,1,1,1,1,166,300,87.98992412,2825.888889,1,1,0,4.30731136309565,0.329583191371435,0.0681896258009865,13.8747995201296,1.06166012159303,0.219653818260627,350,45.5056732547969
"27","York University Heights (27)",328,27,3,252,76,23,35,211,117,263,65,262,66,236,92,23870,37.66,408,60,13,5.313754,27.4232,1,1,0,1,2643,156,698,359372,42885,4720,1,1,0,1,1,24.3,"Italian","Spanish","Tagalog",0.62,0.38,1,27593,2086,13.23,0.15,0.17,0.45,0.11,0.13,0.01,0.57,0.69,10.7,0.7,0.52,0.42,0.05,0.01,0.01,0.11,0.26,0.27,0.13,0.24,0.06,0.18,0.24,0.19,0.12,0.21,1,0,1,1,1,235,548,67.60074578,5546.25,1,1,1,4.85201747725452,0.39940387770083,0.0443782086334255,12.0077420649143,0.988442182172823,0.109826909130314,301,36.7383466927022
"28","Rustic (28)",16,0,0,8,8,1,8,10,6,14,2,1,15,13,3,0,35.4,156,60,4,4.799548,38.1088,1,1,1,0,48,26,692,493442,550,1924,0,0,0,0,1,31.6,"Italian","Spanish","Somali",0.69,0.31,1,9941,4734,2.1,0.2,0.14,0.36,0.11,0.19,0.04,0.52,0.6,9.1,0.75,0.59,0.38,0.03,0,0,0.09,0.28,0.3,0.13,0.19,0.08,0.22,0.22,0.17,0.1,0.2,1,1,1,1,1,30,99,20.02981099,7692,0,0,1,0.798809335144904,0,0,0.585743515361673,0,0,16,32.7078530280571
"29","Maple Leaf (29)",52,2,0,42,10,10,10,40,12,47,5,41,11,39,13,0,50.72,163,66,8,4.152809,40.1153,1,1,1,0,47,90,721,540741,737,919,0,0,0,0,0,15,"Italian","Tagalog","Spanish",0.63,0.37,1,10111,4012,2.52,0.15,0.13,0.41,0.12,0.2,0.04,0.53,0.44,8.1,0.76,0.59,0.35,0.04,0,0,0.12,0.29,0.26,0.13,0.2,0.07,0.19,0.24,0.19,0.11,0.19,1,1,0,1,1,26,76,23.05914766,3384.666667,0,0,0,2.25507034200587,0.0867334746925334,0,1.90366642492544,0.0732179394202091,0,50,29.8089282502614
"3","Thistletown-Beaumond Heights (3)",58,6,1,40,18,6,8,39,19,46,12,54,4,44,14,7296,39.78,218,54,9,5.106365,40.5373,1,1,0,0,217,25,718,414216,1311,1276,0,0,0,0,0,17.8,"Punjabi","Spanish","Gujarati",0.64,0.36,1,10360,3130,3.31,0.17,0.14,0.4,0.12,0.18,0.03,0.54,0.64,10.4,0.64,0.73,0.24,0.03,0,0,0.15,0.3,0.28,0.11,0.16,0.08,0.19,0.22,0.18,0.14,0.19,1,1,1,1,1,45,69,27.87682004,3545,0,0,0,2.08058164154939,0.215232583608557,0.0358720972680929,2.12332024318606,0.219653818260627,0.0366089697101045,52,32.7859167542759
"30","Brookhaven-Amesbury (30)",98,6,1,68,30,10,15,71,27,79,19,82,16,74,24,16300,43.07,201,62,4,5.337514,35.9503,1,1,0,1,466,54,687,352428,4825,3420,0,0,0,0,1,24.6,"Spanish","Portuguese","Vietnamese",0.66,0.34,1,17757,5045,3.52,0.19,0.14,0.43,0.12,0.12,0.02,0.55,0.66,10,0.76,0.53,0.43,0.03,0,0,0.1,0.23,0.28,0.16,0.23,0.08,0.22,0.23,0.17,0.11,0.19,1,0,1,1,1,57,108,29.67583066,4326.375,0,0,0,3.30235069483983,0.202184736418765,0.0336974560697941,3.58767903159025,0.219653818260627,0.0366089697101045,92,31.5076354049887
"31","Yorkdale-Glen Park (31)",217,15,2,173,44,39,29,163,54,183,34,188,29,164,53,59894,49.53,335,72,13,4.82349,37.9178,1,1,1,0,1468,82,729,421045,24685,1502,1,0,0,1,0,16.8,"Italian","Portuguese","Spanish",0.67,0.33,1,14804,2451,6.04,0.13,0.13,0.4,0.12,0.22,0.05,0.52,0.45,8,0.8,0.55,0.37,0.06,0,0,0.13,0.28,0.34,0.13,0.13,0.06,0.15,0.26,0.24,0.15,0.14,0,1,0,1,1,155,246,49.71453259,4193.75,1,1,0,4.36492085301531,0.301722639609353,0.0402296852812471,7.94414642709269,0.549134545651568,0.0732179394202091,202,38.722016453344
"32","Englemount-Lawrence (32)",186,17,3,156,30,27,27,130,56,148,38,149,37,140,46,18000,56.01,482,70,13,5.041456,32.3684,1,1,0,1,175,105,730,577889,3495,2733,0,0,1,0,1,20.8,"Tagalog","Russian","Spanish",0.79,0.21,0,22372,6466,3.46,0.21,0.14,0.37,0.11,0.17,0.04,0.45,0.4,8.9,0.86,0.47,0.44,0.07,0.01,0.01,0.16,0.23,0.3,0.17,0.13,0.04,0.11,0.23,0.26,0.18,0.18,1,1,0,1,0,90,198,39.79200011,3056.1,1,1,0,4.67430638032334,0.427221550889768,0.0753920383923119,6.80926836607945,0.622352485071777,0.109826909130314,169,37.9239514113746
"33","Clanton Park (33)",188,22,5,160,28,27,14,124,64,150,38,149,39,147,41,0,69.53,268,63,11,4.876642,32.933,0,1,0,1,357,130,740,605585,5011,734,0,1,1,0,0,15,"Tagalog","Russian","Italian",0.76,0.24,0,16472,3979,4.14,0.17,0.12,0.45,0.12,0.14,0.02,0.46,0.38,6.1,0.82,0.55,0.4,0.02,0.01,0.01,0.14,0.28,0.3,0.15,0.13,0.04,0.11,0.25,0.28,0.16,0.16,1,0,0,1,1,57,148,42.6697449,3513.25,0,1,0,4.40593212920755,0.515587802354075,0.117179045989563,6.88248630549966,0.8053973336223,0.183044848550523,166,33.6538983651999
"34","Bathurst Manor (34)",68,8,1,43,25,17,10,50,18,63,5,44,24,48,20,2800,58.41,300,61,20,4.790258,32.4815,0,1,1,1,244,105,745,568877,3370,1018,0,0,1,0,0,17.1,"Russian","Tagalog","Italian",0.68,0.32,1,15873,3377,4.7,0.15,0.12,0.42,0.13,0.19,0.04,0.51,0.35,7.2,0.77,0.57,0.39,0.03,0,0,0.12,0.24,0.29,0.2,0.16,0.04,0.12,0.27,0.27,0.15,0.15,1,1,0,1,1,69,177,41.4372944,5594.4,0,1,1,1.64103378332539,0.193062798038281,0.0241328497547851,2.48940994028711,0.292871757680836,0.0366089697101045,60,30.8301268226562
"35","Westminster-Branson (35)",214,14,4,160,54,39,35,135,79,178,36,183,31,154,60,4000,46.57,381,61,2,4.531544,26.9938,1,1,1,1,83,45,730,372380,3027,2906,0,0,0,0,1,24.4,"Russian","Tagalog","Korean",0.49,0.51,1,26274,7339,3.58,0.13,0.13,0.41,0.13,0.2,0.04,0.7,0.45,9.2,0.67,0.52,0.44,0.03,0.01,0.01,0.08,0.23,0.3,0.17,0.23,0.06,0.17,0.23,0.22,0.13,0.19,0,1,0,1,1,36,150,23.39752438,4357.75,0,0,0,9.14626678123799,0.598353901576317,0.170958257593233,7.83431951796237,0.512525575941464,0.146435878840418,200,48.8482441851962
"36","Newtonbrook West (36)",271,23,8,202,69,37,31,178,93,217,54,211,60,198,73,22705,56.07,544,69,22,4.875923,31.9066,1,1,0,1,483,98,737,557468,9091,2124,0,0,1,0,1,26.3,"Russian","Tagalog","Korean",0.49,0.52,1,23831,5070,4.7,0.12,0.14,0.44,0.13,0.17,0.03,0.66,0.59,8.4,0.67,0.51,0.43,0.04,0.01,0.01,0.11,0.23,0.28,0.18,0.2,0.04,0.13,0.24,0.24,0.18,0.16,0,1,1,1,0,95,260,46.89685527,5774.6,1,1,1,5.7786390673696,0.490438002027678,0.170587131140062,9.92103079143833,0.842006303332405,0.292871757680836,248,45.5611703926764
"37","Willowdale West (37)",161,12,3,133,28,23,24,103,58,130,31,127,34,129,32,0,67.04,633,78,12,4.958528,37.0513,0,0,0,0,363,248,766,541247,7110,515,0,1,0,0,0,27.2,"Mandarin","Persian","Korean",0.56,0.43,1,16936,5820,2.91,0.11,0.13,0.44,0.12,0.2,0.04,0.56,0.58,9.8,0.76,0.51,0.41,0.06,0.01,0.01,0.1,0.24,0.32,0.19,0.15,0.02,0.08,0.28,0.34,0.19,0.09,0,1,1,1,0,25,167,32.29755967,4808.285714,0,0,1,4.98489674281946,0.371545098843686,0.0928862747109215,5.89404412332683,0.439307636521255,0.109826909130314,149,39.3706610548178
"38","Lansing-Westgate (38)",113,15,0,85,28,8,12,75,38,96,17,88,25,92,21,12000,76.15,695,77,10,4.964076,36.0309,0,0,0,0,488,75,758,646460,12254,468,0,0,1,1,0,17.7,"Persian","Korean","Mandarin",0.73,0.27,0,16164,3038,5.32,0.15,0.13,0.47,0.12,0.13,0.02,0.44,0.43,7.2,0.81,0.51,0.4,0.07,0,0,0.13,0.24,0.32,0.19,0.12,0.02,0.08,0.27,0.34,0.18,0.11,1,0,0,0,0,44,173,39.31779631,6920.090909,0,1,1,2.87401661855753,0.381506630781973,0,4.13681357724181,0.549134545651568,0,98,25.5652058882718
"39","Bedford Park-Nortown (39)",170,18,5,123,47,33,23,133,37,152,18,129,41,129,41,28000,81.55,1157,73,29,4.598896,34.6094,0,0,1,1,676,60,776,1191040,8187,484,1,0,1,0,0,9.4,"Tagalog","Persian","Mandarin",0.9,0.1,0,23236,4209,5.52,0.2,0.14,0.36,0.13,0.17,0.03,0.29,0.21,5.5,0.84,0.66,0.25,0.06,0.01,0.01,0.16,0.32,0.31,0.13,0.08,0.02,0.08,0.29,0.32,0.2,0.1,1,1,0,0,1,75,258,62.50510549,3124.076923,1,1,0,2.71977782722401,0.287976475823719,0.0799934655065887,6.22352485071777,0.658961454781882,0.183044848550523,152,35.3155005663056
"4","Rexdale-Kipling (4)",48,6,0,41,7,5,10,30,18,44,4,32,16,36,12,35100,43.76,336,58,5,5.20861,39.7091,1,1,0,0,144,75,721,392271,1178,1323,0,0,0,0,0,18.7,"Spanish","Italian","Croatian",0.75,0.25,0,10529,4229,2.49,0.16,0.13,0.41,0.14,0.16,0.03,0.48,0.52,10.9,0.7,0.67,0.28,0.03,0.01,0.01,0.14,0.32,0.24,0.12,0.18,0.07,0.18,0.25,0.2,0.1,0.2,1,1,1,1,1,40,96,25.23712912,7621.333333,0,0,1,1.9019595997534,0.237744949969175,0,1.75723054608502,0.219653818260627,0,42,28.6544056071592
"40","St.Andrew-Windfields (40)",65,7,0,47,18,3,16,51,14,59,6,48,17,42,23,0,77.43,1066,60,18,4.946863,30.7276,0,1,0,1,591,124,774,1363202,13023,606,1,0,1,1,0,16,"Mandarin","Persian","Cantonese",0.7,0.3,1,17812,2430,7.33,0.15,0.14,0.38,0.15,0.18,0.02,0.5,0.51,8.3,0.78,0.67,0.28,0.04,0,0,0.1,0.31,0.33,0.14,0.12,0.03,0.08,0.25,0.32,0.22,0.09,1,1,1,1,1,151,302,59.74934713,3595.5,1,1,0,1.08787799569719,0.117156091844313,0,2.3795830311568,0.256262787970732,0,58,29.1098973626207
"41","Bridle Path-Sunnybrook-York Mills (41)",66,1,0,46,20,7,8,54,12,54,12,53,13,43,23,6500,83.04,749,58,10,4.537839,35.0177,0,1,1,1,58,0,788,1849084,11756,37,0,0,1,1,0,8.8,"Mandarin","Persian","Cantonese",0.84,0.16,0,9266,1040,8.91,0.15,0.15,0.33,0.16,0.19,0.03,0.34,0.3,8,0.83,0.74,0.18,0.05,0.01,0.01,0.13,0.33,0.37,0.11,0.06,0.01,0.08,0.29,0.35,0.21,0.06,1,1,0,0,1,66,128,48.36508558,7224.5,0,1,1,1.36462076327417,0.0206760721708207,0,2.4161920008669,0.0366089697101045,0,65,25.2120224744112
"42","Banbury-Don Mills (42)",152,12,1,103,49,18,32,115,37,122,30,136,16,112,40,0,73.19,2145,67,12,5.069054,36.8457,0,1,0,0,834,255,776,613647,25614,1030,1,1,1,1,0,13.7,"Mandarin","Cantonese","Persian",0.75,0.25,0,27695,2775,9.98,0.13,0.1,0.39,0.13,0.25,0.06,0.49,0.47,7.2,0.84,0.67,0.26,0.05,0.01,0.01,0.15,0.3,0.27,0.14,0.14,0.03,0.11,0.27,0.32,0.18,0.1,0,1,0,1,1,128,166,75.0681627,4750.642857,1,1,1,2.02482643151196,0.15985471827726,0.013321226523105,5.56456339593589,0.439307636521255,0.0366089697101045,140,35.9291129526455
"43","Victoria Village (43)",163,24,7,126,37,30,24,104,59,134,29,152,11,136,27,9000,40.39,586,71,13,5.357632,36.3495,1,1,0,0,431,134,730,365107,7035,2593,0,1,0,0,1,26,"Arabic","Tagalog","Greek",0.7,0.3,1,17510,3710,4.72,0.15,0.12,0.41,0.13,0.19,0.03,0.53,0.59,10.1,0.86,0.54,0.41,0.04,0,0,0.12,0.25,0.22,0.19,0.21,0.06,0.15,0.28,0.23,0.13,0.15,1,1,1,1,1,73,122,34.27607748,5074.666667,1,0,1,4.75550331262701,0.700196806767167,0.204224068640424,5.96726206274704,0.878615273042509,0.256262787970732,139,43.7056448594756
"44","Flemingdon Park (44)",121,6,0,91,30,14,32,72,49,98,23,87,34,95,26,235152,35.81,266,63,2,5.265965,34.1503,1,1,0,1,185,203,721,204104,5088,4348,0,1,0,0,1,34.7,"Urdu","Persian","Gujarati",0.5,0.5,1,21933,9026,2.43,0.2,0.14,0.42,0.11,0.14,0.01,0.64,0.79,10.6,0.84,0.47,0.46,0.05,0.01,0.01,0.13,0.22,0.24,0.19,0.22,0.06,0.14,0.22,0.22,0.15,0.22,1,0,1,1,0,48,120,11.77007859,5799.375,0,0,1,10.2803051886844,0.509767199438895,0,4.42968533492265,0.219653818260627,0,115,41.7879444961881
"45","Parkwoods-Donalda (45)",171,14,2,125,46,21,41,116,55,145,26,116,55,137,34,0,53.79,1211,63,10,5.420609,37.5207,1,1,0,0,209,441,731,553698,2802,3664,0,1,1,0,1,20.6,"Mandarin","Persian","Arabic",0.72,0.28,1,34805,4691,7.42,0.17,0.13,0.42,0.12,0.15,0.02,0.5,0.55,9.2,0.81,0.62,0.35,0.03,0,0,0.11,0.27,0.27,0.14,0.2,0.05,0.14,0.27,0.24,0.14,0.17,1,0,1,1,1,109,312,58.27994577,4192.777778,1,1,0,2.93411391758747,0.240219852901898,0.0343171218431283,6.26013382042788,0.512525575941464,0.0732179394202091,157,38.1361536682891
"46","Pleasant View (46)",84,9,1,69,15,12,23,60,24,70,14,66,18,62,22,0,65.72,423,66,15,4.54848,34.1945,0,1,1,1,124,90,767,463859,1162,791,0,0,0,0,0,17.5,"Mandarin","Cantonese","Greek",0.51,0.49,1,15818,5273,3,0.13,0.13,0.41,0.13,0.2,0.02,0.62,0.64,10,0.73,0.65,0.32,0.02,0.01,0.01,0.11,0.28,0.26,0.12,0.22,0.04,0.13,0.28,0.24,0.17,0.15,0,1,1,1,1,43,152,32.86586301,4517,0,0,1,2.55584342861898,0.273840367352033,0.0304267074835592,3.07515345564878,0.329480727390941,0.0366089697101045,75,36.8925296839757
"47","Don Valley Village (47)",144,13,3,126,18,21,22,84,60,100,44,126,18,123,21,15200,60.52,702,79,8,5.01032,30.5458,0,0,0,1,373,229,756,478489,5640,2137,0,1,0,0,1,23.5,"Mandarin","Persian","Cantonese",0.51,0.49,1,27051,6441,4.2,0.15,0.12,0.44,0.12,0.17,0.02,0.67,0.71,9.6,0.75,0.55,0.4,0.03,0,0,0.09,0.26,0.26,0.15,0.24,0.04,0.12,0.27,0.27,0.17,0.13,1,1,1,1,1,57,185,39.98616921,6050.3,0,1,1,3.60124520165306,0.325112414038124,0.0750259417011055,5.27169163825506,0.475916606231359,0.109826909130314,131,39.2562005330399
"48","Hillcrest Village (48)",112,8,1,92,20,17,15,78,34,81,31,92,20,84,28,25000,65.84,587,68,24,4.253976,29.6446,0,1,1,1,424,180,775,484743,11806,694,0,1,0,1,0,21.9,"Mandarin","Cantonese","Persian",0.48,0.52,1,16934,3148,5.38,0.12,0.13,0.36,0.13,0.25,0.04,0.67,0.76,8.3,0.7,0.62,0.34,0.03,0,0,0.09,0.28,0.25,0.14,0.24,0.03,0.1,0.27,0.28,0.21,0.1,0,1,1,1,1,80,174,41.08455447,3566.222222,1,1,0,2.72608530005559,0.194720378575399,0.0243400473219249,4.10020460753171,0.292871757680836,0.0366089697101045,104,38.0663509694164
"49","Bayview Woods-Steeles (49)",42,4,0,30,12,8,12,38,4,39,3,25,17,27,15,0,62.37,541,57,13,4.492105,30.7914,0,1,1,1,93,180,777,784397,2207,666,0,1,1,0,0,18.5,"Mandarin","Cantonese","Persian",0.57,0.43,1,13154,3240,4.06,0.12,0.12,0.34,0.14,0.28,0.06,0.59,0.65,8,0.72,0.64,0.32,0.02,0,0,0.1,0.28,0.27,0.16,0.2,0.03,0.11,0.23,0.28,0.22,0.14,0,1,1,1,1,37,107,29.92753678,10812,0,0,1,1.40338980480571,0.133656171886258,0,1.53757672782439,0.146435878840418,0,38,34.6056812421538
"5","Elms-Old Rexdale (5)",29,1,0,22,7,1,11,22,7,26,3,19,10,21,8,0,29.54,152,48,10,5.502152,34.0128,1,1,0,1,67,60,692,233832,903,1683,0,0,0,0,0,23.3,"Spanish","Somali","Italian",0.73,0.27,0,9456,3306,2.86,0.19,0.15,0.39,0.13,0.13,0.02,0.5,0.67,10,0.69,0.64,0.33,0.02,0,0,0.09,0.33,0.24,0.13,0.21,0.06,0.21,0.22,0.18,0.12,0.21,1,0,1,1,1,29,70,17.07821088,4115.5,0,0,0,1.69807014351611,0.0585541428798659,0,1.06166012159303,0.0366089697101045,0,28,28.2571284241831
"50","Newtonbrook East (50)",93,10,2,73,20,13,23,67,26,75,18,68,25,67,26,30649,65.18,591,64,17,4.511325,29.3582,0,1,1,1,400,30,757,626626,4357,685,0,0,1,0,0,27.4,"Persian","Mandarin","Korean",0.46,0.54,1,16097,3926,4.1,0.1,0.14,0.43,0.13,0.21,0.04,0.64,0.72,8.8,0.71,0.54,0.41,0.04,0.01,0.01,0.1,0.23,0.31,0.19,0.18,0.02,0.1,0.26,0.29,0.22,0.11,0,1,1,1,1,96,151,39.49436862,4012.333333,1,1,0,2.35476609070045,0.253200654914027,0.0506401309828054,3.40463418303972,0.366089697101046,0.0732179394202091,83,37.7803995427836
"51","Willowdale East (51)",233,21,3,186,47,28,46,167,66,195,38,131,102,176,57,20000,69.67,1266,84,20,4.484754,27.4662,0,0,1,1,849,209,759,540911,16026,1189,1,1,0,1,0,30.3,"Mandarin","Persian","Korean",0.49,0.51,1,50434,10087,5,0.12,0.14,0.51,0.11,0.12,0.02,0.62,0.75,8.5,0.77,0.49,0.43,0.07,0,0,0.09,0.25,0.33,0.19,0.13,0.02,0.07,0.25,0.37,0.21,0.08,0,0,1,1,0,61,524,62.46088057,5919.692308,0,1,1,3.73033485717315,0.33621043777097,0.0480300625387101,8.52988994245436,0.768788363912196,0.109826909130314,212,42.5417568820226
"52","Bayview Village (52)",120,11,2,101,19,17,14,89,31,106,14,100,20,89,31,0,71.65,742,71,15,4.681225,33.5428,0,1,1,1,460,60,768,533089,9377,626,0,0,0,0,0,23.7,"Mandarin","Persian","Cantonese",0.57,0.43,1,21396,4195,5.1,0.11,0.12,0.48,0.12,0.17,0.03,0.6,0.69,7.7,0.76,0.58,0.38,0.04,0,0,0.09,0.26,0.31,0.19,0.15,0.02,0.09,0.27,0.34,0.19,0.1,0,1,1,1,1,43,99,37.07799855,3854.625,0,0,0,3.23642064547198,0.296671892501598,0.0539403440911996,4.39307636521255,0.40269866681115,0.0732179394202091,109,33.8057134274405
"53","Henry Farm (53)",115,10,0,91,24,11,12,70,45,93,22,100,15,91,24,12468,51.87,338,76,4,5.02249,34.4285,1,0,0,1,717,105,736,372110,18728,1502,1,0,0,1,0,29.6,"Mandarin","Persian","Arabic",0.54,0.46,1,15723,6047,2.6,0.16,0.15,0.51,0.09,0.09,0.01,0.61,0.77,10.3,0.76,0.47,0.47,0.05,0,0,0.1,0.25,0.26,0.17,0.22,0.03,0.1,0.27,0.29,0.18,0.14,1,0,1,1,0,27,108,16.06263543,5659,0,0,1,7.15947270926761,0.62256284428414,0,4.21003151666202,0.366089697101046,0,105,31.5635762062552
"54","OConnor-Parkview (54)",94,8,2,77,17,9,18,70,24,78,16,77,17,65,29,8000,48.67,858,67,12,4.917806,42.511,1,1,0,0,346,75,725,538203,4677,2984,0,0,0,0,1,22.6,"Greek","Tagalog","Bengali",0.81,0.19,0,18675,3780,4.94,0.17,0.13,0.42,0.14,0.14,0.02,0.37,0.38,10.1,0.89,0.55,0.4,0.03,0.01,0.01,0.1,0.25,0.27,0.18,0.19,0.06,0.14,0.26,0.23,0.14,0.16,1,0,0,0,1,95,128,44.29355774,2532.076923,1,1,0,2.12220478092487,0.18061317284467,0.0451532932111676,3.44124315274983,0.292871757680836,0.0732179394202091,86,29.3509578165008
"55","Thorncliffe Park (55)",81,6,0,45,36,9,22,52,29,61,20,54,27,62,19,38000,33.09,471,73,5,4.699943,43.4614,1,0,1,0,449,21,724,313618,9847,3818,0,0,0,1,1,45.5,"Urdu","Pashto","Persian",0.43,0.57,1,21108,6787,3.11,0.27,0.12,0.43,0.08,0.11,0.02,0.64,0.79,12.6,0.86,0.44,0.45,0.08,0.01,0.01,0.14,0.22,0.28,0.18,0.18,0.05,0.13,0.23,0.22,0.16,0.22,1,0,1,1,0,62,154,13.29149971,6611.5,0,0,1,6.09412043541323,0.451416328549128,0,2.96532654651847,0.219653818260627,0,75,43.3768380336457
"56","Leaside-Bennington (56)",107,10,2,81,26,13,17,96,11,92,15,71,36,58,49,0,85.82,1506,77,18,4.256323,49.1137,0,0,1,0,313,274,791,1071823,2901,239,0,1,1,0,0,6.9,"Spanish","Persian","Mandarin",0.95,0.05,0,16828,3596,4.68,0.2,0.13,0.38,0.14,0.15,0.02,0.2,0.18,6.9,0.89,0.65,0.24,0.07,0.03,0.03,0.16,0.36,0.27,0.13,0.07,0.02,0.08,0.32,0.36,0.13,0.09,1,0,0,0,1,62,280,48.30630623,8701.583333,0,1,1,2.21503170808678,0.207012309166989,0.0414024618333978,3.91715975898119,0.366089697101046,0.0732179394202091,97,27.0940606097596
"57","Broadview North (57)",135,11,1,105,30,28,17,97,38,112,23,121,14,81,54,79513,53.69,317,74,3,5.053267,39.002,1,0,0,0,129,57,728,518555,1286,1306,0,0,0,0,0,22.7,"Greek","Serbian","Albanian",0.78,0.22,0,11499,6764,1.7,0.13,0.09,0.49,0.12,0.16,0.02,0.42,0.28,8.2,0.9,0.39,0.49,0.06,0.05,0.05,0.11,0.27,0.36,0.16,0.11,0.05,0.11,0.26,0.26,0.17,0.15,0,1,0,0,0,44,47,15.20816339,3892,0,0,0,8.87681152142067,0.72329575359724,0.0657541594179309,4.94221091086412,0.40269866681115,0.0366089697101045,124,32.6116514869304
"58","Old East York (58)",73,6,2,53,20,15,9,48,25,66,7,66,7,43,30,0,65.61,444,69,0,4.612934,38.4143,0,1,1,0,134,88,756,581398,1017,569,0,0,1,0,0,13.6,"Greek","Cantonese","Tagalog",0.84,0.16,0,9233,3997,2.31,0.16,0.1,0.44,0.14,0.16,0.02,0.33,0.27,5,0.86,0.58,0.34,0.04,0.03,0.03,0.12,0.3,0.31,0.16,0.11,0.04,0.14,0.26,0.26,0.14,0.15,1,1,0,0,1,74,60,23.84081641,0,1,0,0,3.06197567837401,0.25166923383896,0.0838897446129866,2.67245478883763,0.219653818260627,0.0732179394202091,67,28.2444355434198
"59","Danforth East York (59)",119,13,3,97,22,26,20,84,35,104,15,108,11,76,43,2600,66.94,587,77,3,4.774311,40.0439,0,0,1,0,167,214,763,518568,3715,1049,0,1,0,0,0,13.7,"Greek","Cantonese","Italian",0.82,0.18,0,17180,7881,2.18,0.18,0.08,0.46,0.12,0.15,0.02,0.33,0.3,6.9,0.91,0.46,0.42,0.05,0.05,0.05,0.11,0.29,0.35,0.16,0.1,0.02,0.1,0.3,0.31,0.15,0.11,1,0,0,0,0,53,106,35.28021008,3039.75,0,0,0,3.37299578801148,0.368478531463438,0.0850335072607935,4.35646739550244,0.475916606231359,0.109826909130314,106,32.2908558803855
"6","Kingsview Village-The Westway (6)",64,3,0,43,21,4,20,46,18,59,5,56,8,49,15,0,41.76,681,56,21,5.306001,34.6504,1,1,0,1,160,129,717,292861,2799,4348,0,1,0,0,1,24.9,"Somali","Urdu","Spanish",0.67,0.33,1,22000,4356,5.05,0.19,0.14,0.39,0.12,0.16,0.03,0.52,0.6,9.9,0.68,0.65,0.3,0.03,0.01,0.01,0.14,0.32,0.24,0.11,0.19,0.08,0.16,0.23,0.19,0.13,0.2,1,1,1,1,1,70,74,34.67941211,3371,0,0,0,1.84547534418974,0.0865066567588939,0,2.34297406144669,0.109826909130314,0,61,33.5351211654142
"60","Woodbine-Lumsden (60)",23,5,2,19,4,6,6,17,6,22,1,15,8,13,10,0,59.08,240,73,1,4.545929,37.3999,0,0,1,0,56,95,748,440700,558,582,0,0,0,0,0,15.2,"Cantonese","Greek","Mandarin",0.86,0.14,0,7865,6722,1.17,0.15,0.09,0.48,0.15,0.14,0.02,0.28,0.31,6.6,0.92,0.44,0.47,0.04,0.04,0.04,0.09,0.22,0.35,0.22,0.12,0.04,0.14,0.28,0.28,0.13,0.12,1,0,0,0,0,39,70,16.07900302,2022.25,0,0,0,1.43043694757637,0.31096455382095,0.12438582152838,0.842006303332405,0.183044848550523,0.0732179394202091,18,24.7253460344857
"61","Taylor-Massey (61)",86,5,1,70,16,9,10,65,21,67,19,65,21,64,22,119039,33.21,237,77,0,5.079342,36.5922,1,0,0,0,157,60,721,254151,1399,2635,0,0,0,0,1,33,"Bengali","Urdu","Cantonese",0.6,0.4,1,15683,15528,1.01,0.19,0.11,0.48,0.11,0.11,0.02,0.56,0.67,11.5,0.89,0.31,0.64,0.04,0.01,0.01,0.06,0.16,0.35,0.24,0.19,0.05,0.15,0.23,0.23,0.13,0.21,1,0,1,1,0,27,89,10.68841484,3575.5,0,0,0,8.04609488753713,0.467796214391694,0.0935592428783387,3.14837139506899,0.183044848550523,0.0366089697101045,81,34.4983890292879
"62","East End-Danforth (62)",206,20,0,151,55,35,24,155,51,172,34,183,23,128,78,32880,65.82,629,85,1,4.681753,38.6117,0,0,1,0,516,330,741,535867,3636,1901,0,1,0,0,1,18.8,"Bengali","Cantonese","Urdu",0.89,0.11,0,21381,8038,2.66,0.17,0.1,0.47,0.13,0.12,0.01,0.28,0.31,8.2,0.9,0.45,0.44,0.06,0.04,0.04,0.11,0.23,0.33,0.2,0.13,0.04,0.11,0.27,0.3,0.14,0.14,1,0,0,0,0,89,129,31.17002467,0,1,0,0,6.60891360147903,0.641642097230974,0,7.54144776028154,0.732179394202091,0,186,31.5795008761638
"63","The Beaches (63)",168,14,3,122,46,7,27,126,42,153,15,140,28,91,77,0,82.62,1244,88,2,4.246457,38.6814,0,0,1,0,531,167,764,751945,5694,672,0,1,1,0,0,9.3,"Spanish","Mandarin","German",0.97,0.03,0,21567,6058,3.56,0.18,0.1,0.44,0.15,0.14,0.01,0.2,0.14,5.7,0.9,0.56,0.29,0.07,0.06,0.06,0.13,0.3,0.29,0.18,0.1,0.03,0.09,0.29,0.32,0.16,0.1,1,0,0,0,1,44,193,43.72176959,3434.25,0,1,0,3.84247942330369,0.320206618608641,0.0686157039875659,6.15030691129757,0.512525575941464,0.109826909130314,154,27.2481899023292
"64","Woodbine Corridor (64)",115,7,0,90,25,14,14,75,40,98,17,100,15,64,51,37500,68.11,358,85,2,4.696706,40.0025,0,0,1,0,146,214,749,521549,1896,906,0,1,0,0,0,15.7,"Cantonese","Mandarin","Spanish",0.91,0.09,0,12541,7838,1.6,0.19,0.08,0.49,0.13,0.11,0.01,0.24,0.27,7.7,0.91,0.44,0.43,0.06,0.06,0.06,0.09,0.24,0.36,0.18,0.12,0.03,0.11,0.28,0.33,0.15,0.11,1,0,0,0,0,35,75,20.75984929,5104,0,0,1,5.53953925163587,0.337189345751749,0,4.21003151666202,0.256262787970732,0,108,24.3424591811789
"65","Greenwood-Coxwell (65)",192,19,2,149,43,17,14,130,62,170,22,178,14,112,80,5700,52.13,329,88,2,4.632516,34.5637,1,0,1,1,315,94,738,490920,2342,1762,0,0,0,0,0,19.8,"Cantonese","Urdu","Mandarin",0.83,0.16,0,14417,8582,1.68,0.17,0.09,0.5,0.12,0.11,0.01,0.31,0.39,7.2,0.9,0.39,0.44,0.07,0.08,0.08,0.1,0.27,0.34,0.16,0.13,0.03,0.11,0.26,0.29,0.17,0.14,1,0,0,0,0,44,91,23.60064249,2621.5,0,0,0,8.1353717417377,0.80506282860946,0.084743455643101,7.02892218434007,0.695570424491986,0.0732179394202091,173,29.4488485318038
"66","Danforth (66)",79,3,0,64,15,10,12,59,20,67,12,65,14,49,30,23810,67.56,256,86,2,4.698348,39.0049,0,0,1,0,414,152,755,585093,2786,626,0,1,1,0,0,14,"Greek","Cantonese","Italian",0.83,0.17,0,9666,8554,1.13,0.17,0.1,0.45,0.12,0.16,0.02,0.3,0.26,6.2,0.91,0.37,0.5,0.06,0.06,0.06,0.09,0.28,0.4,0.14,0.08,0.02,0.09,0.25,0.32,0.18,0.13,1,1,0,0,0,53,92,15.45133445,0,0,0,0,5.11282700245997,0.194157987435189,0,2.89210860709826,0.109826909130314,0,76,23.9545248915447
"67","Playter Estates-Danforth (67)",77,5,0,51,26,10,5,61,16,67,10,61,16,47,30,75239,76.16,298,90,1,4.50882,44.258,0,0,1,0,301,162,757,842668,2243,288,0,1,1,0,0,13.7,"Greek","Cantonese","Spanish",0.91,0.09,0,7804,8671,0.9,0.15,0.09,0.48,0.12,0.16,0.02,0.23,0.2,6.4,0.89,0.31,0.51,0.09,0.07,0.07,0.1,0.34,0.36,0.11,0.08,0.02,0.09,0.22,0.34,0.19,0.13,1,1,0,0,0,41,112,11.62757371,2725.333333,0,0,0,6.62218979818447,0.430012324557433,0,2.81889066767805,0.183044848550523,0,72,20.4579891602968
"68","North Riverdale (68)",219,18,3,172,47,14,13,159,60,182,37,197,22,86,133,0,81.21,390,90,1,4.532417,41.5651,0,0,1,0,327,233,767,818592,4033,503,0,1,1,0,0,11.1,"Cantonese","Mandarin","Greek",0.9,0.1,0,11916,6770,1.76,0.16,0.1,0.46,0.14,0.14,0.01,0.25,0.24,5.3,0.9,0.36,0.4,0.12,0.1,0.1,0.13,0.36,0.33,0.11,0.07,0.02,0.08,0.21,0.38,0.18,0.13,1,0,0,0,0,43,110,18.77734793,3522.333333,0,0,0,11.6629888744891,0.95860182530047,0.159766970883412,8.0173643665129,0.658961454781882,0.109826909130314,201,28.2750625167485
"69","Blake-Jones (69)",96,6,0,64,32,9,9,75,21,87,9,89,7,48,48,112653,58.07,141,89,1,4.821722,36.9598,0,0,1,0,133,30,739,571246,1789,1021,0,0,1,0,0,24.6,"Cantonese","Gujarati","Greek",0.81,0.19,0,7727,8134,0.95,0.18,0.11,0.47,0.12,0.12,0.01,0.31,0.39,8.5,0.92,0.35,0.47,0.07,0.09,0.09,0.1,0.29,0.36,0.15,0.1,0.03,0.09,0.24,0.34,0.18,0.14,1,0,0,0,0,11,40,11.66190741,0,0,0,0,8.2319295313287,0.514495595708044,0,3.51446109217004,0.219653818260627,0,90,25.6455478274486
"7","Willowridge-Martingrove-Richview (7)",113,11,2,98,15,14,25,67,46,93,20,95,18,87,26,14425,54.46,1186,51,5,5.081778,37.744,1,1,0,0,169,165,750,511637,1843,2032,0,1,0,0,1,15.1,"Italian","Spanish","Urdu",0.77,0.23,0,22156,4007,5.53,0.16,0.12,0.37,0.13,0.22,0.04,0.45,0.4,8.5,0.69,0.72,0.25,0.01,0,0,0.12,0.34,0.25,0.12,0.16,0.06,0.16,0.28,0.22,0.12,0.16,1,1,0,1,1,81,179,58.1905001,2446.833333,1,1,0,1.9418977291106,0.189034292214306,0.034369871311692,4.13681357724181,0.40269866681115,0.0732179394202091,102,35.7711516175924
"70","South Riverdale (70)",553,39,4,450,103,46,44,407,146,492,61,504,49,235,318,326371,59.94,452,91,18,4.533352,35.0799,0,0,1,1,1197,224,746,537087,12378,2695,1,1,0,1,1,18.8,"Cantonese","Mandarin","Vietnamese",0.81,0.19,0,27876,3136,8.89,0.14,0.09,0.54,0.11,0.12,0.02,0.3,0.42,6.5,0.89,0.41,0.39,0.1,0.08,0.08,0.12,0.32,0.32,0.13,0.11,0.03,0.09,0.23,0.35,0.18,0.12,0,0,0,0,0,109,366,56.66203282,7386.2,1,1,1,9.75962161041295,0.688291578311221,0.0705940080319201,20.2447602496878,1.42774981869408,0.146435878840418,514,37.2673315887887
"71","Cabbagetown-South St.James Town (71)",115,10,0,90,25,11,8,84,31,102,13,100,15,55,60,69600,74.42,440,91,0,4.699411,47.0053,0,0,1,0,290,0,744,537025,2513,986,0,0,0,0,0,20.8,"Cantonese","Tagalog","Mandarin",0.9,0.1,0,11669,8335,1.4,0.07,0.09,0.5,0.15,0.19,0.03,0.34,0.29,8,0.92,0.23,0.33,0.3,0.12,0.12,0.15,0.41,0.28,0.08,0.08,0.02,0.09,0.19,0.34,0.22,0.14,0,1,0,0,0,26,74,15.27421978,1741,0,0,0,7.52902614054176,0.654697925264501,0,4.21003151666202,0.366089697101046,0,105,20.4038931720326
"72","Regent Park (72)",95,8,0,75,20,10,19,69,26,84,11,86,9,41,54,37377,29.81,98,88,3,5.084042,48.4002,1,0,0,0,143,30,701,484444,1931,2491,0,0,0,0,1,43.2,"Bengali","Mandarin","Tamil",0.65,0.35,1,10803,16880,0.64,0.15,0.16,0.52,0.1,0.07,0,0.47,0.7,9.6,0.91,0.26,0.47,0.19,0.06,0.06,0.12,0.35,0.3,0.11,0.13,0.04,0.09,0.21,0.26,0.22,0.19,1,0,1,1,0,20,15,6.939176645,0,0,0,0,13.6903850211757,1.152874528099,0,3.47785212245993,0.292871757680836,0,87,34.2261868182
"73","Moss Park (73)",485,33,8,394,91,30,30,331,154,406,79,471,14,245,240,526251.92,50.11,317,95,6,5.116499,33.8134,1,0,0,1,841,110,709,457524,12051,3510,1,0,0,1,1,32.2,"Mandarin","Cantonese","Spanish",0.86,0.14,0,20506,14753,1.39,0.08,0.1,0.61,0.12,0.09,0.01,0.35,0.43,6.9,0.92,0.23,0.32,0.38,0.07,0.07,0.19,0.43,0.23,0.07,0.08,0.02,0.07,0.21,0.38,0.19,0.13,0,0,0,0,0,71,59,23.8997873,7509.333333,0,0,1,20.2930676290998,1.38076542630988,0.334731012438759,17.7553503094007,1.20809600043345,0.292871757680836,452,40.1714035626751
"74","North St.James Town (74)",97,4,1,64,33,9,3,65,32,85,12,84,13,52,45,85839,47.55,182,93,0,5.374177,37.4289,1,0,0,0,243,55,705,489366,6705,2681,0,0,0,0,1,36.5,"Tagalog","Tamil","Nepali",0.67,0.33,1,18615,44321,0.42,0.12,0.12,0.56,0.11,0.09,0.01,0.52,0.67,10.4,0.9,0.16,0.57,0.21,0.05,0.05,0.11,0.32,0.31,0.12,0.14,0.04,0.11,0.18,0.27,0.2,0.21,0,0,1,1,0,19,46,4.720277312,2377.666667,0,0,0,20.5496401140256,0.847407839753632,0.211851959938408,3.55107006188014,0.146435878840418,0.0366089697101045,93,37.9274191941062
"75","Church-Yonge Corridor (75)",709,48,4,516,193,46,15,473,236,601,108,651,58,374,335,1115668,67.92,945,98,10,5.066421,28.3497,0,0,0,1,2443,45,736,410703,54044,3090,1,0,0,1,1,25.9,"Mandarin","Cantonese","Korean",0.84,0.16,0,31340,23044,1.36,0.04,0.16,0.6,0.1,0.1,0.01,0.36,0.41,8.5,0.91,0.16,0.39,0.4,0.04,0.04,0.21,0.4,0.22,0.08,0.08,0.02,0.07,0.18,0.39,0.22,0.12,0,0,0,0,0,64,253,22.58273038,4183.727273,0,0,0,31.3956721826655,2.12551800390401,0.177126500325334,25.9557595244641,1.75723054608502,0.146435878840418,661,36.8946136603523
"76","Bay Street Corridor (76)",1134,69,3,844,290,52,28,825,309,991,143,1058,76,570,564,2893324,77.07,1576,99,8,5.174795,21.047,0,0,0,1,4324,30,755,457787,185891,678,1,0,0,1,0,37.7,"Mandarin","Korean","Arabic",0.68,0.32,1,25797,14097,1.83,0.07,0.27,0.51,0.07,0.09,0.01,0.41,0.62,10.2,0.91,0.16,0.3,0.49,0.03,0.03,0.27,0.41,0.19,0.06,0.07,0.01,0.07,0.2,0.42,0.2,0.08,0,0,1,0,0,126,290,26.29975736,4701.1,1,0,1,43.1182685253489,2.62359834942599,0.114069493453304,41.5145716512586,2.52601890999721,0.109826909130314,1065,44.6510689230674
"77","Waterfront Communities-The Island (77)",1143,74,5,832,311,40,30,716,427,968,175,989,154,616,527,2395897,80.99,1222,92,14,5.151933,45.563,0,0,0,0,2899,130,748,416759,88058,2864,1,1,0,1,1,16.5,"Mandarin","Cantonese","Spanish",0.87,0.13,0,65913,8943,7.37,0.06,0.12,0.68,0.07,0.07,0.01,0.36,0.44,5.2,0.89,0.23,0.25,0.48,0.04,0.04,0.21,0.42,0.23,0.08,0.07,0.02,0.06,0.21,0.44,0.18,0.08,0,0,0,0,0,90,487,63.67921613,5771.68,1,1,1,17.949341550728,1.16207460608388,0.078518554465127,41.8440523786495,2.70906375854774,0.183044848550523,1069,27.0687063299619
"78","Kensington-Chinatown (78)",693,48,8,508,185,63,12,511,182,601,92,601,92,276,417,1054403.08,50.7,210,97,1,4.604016,34.5843,1,0,1,1,1883,247,728,477989,37205,2523,1,1,0,1,1,33.2,"Mandarin","Cantonese","Vietnamese",0.66,0.34,1,17945,11806,1.52,0.07,0.19,0.49,0.1,0.15,0.03,0.44,0.6,8.2,0.92,0.15,0.27,0.46,0.11,0.11,0.25,0.38,0.22,0.07,0.09,0.03,0.07,0.15,0.29,0.29,0.16,0,0,1,0,0,49,289,21.2281364,4152.777778,0,0,0,32.645352702746,2.26114997075297,0.376858328458828,25.3700160091025,1.75723054608502,0.292871757680836,645,50.1793377047344
"79","University (79)",313,23,2,224,89,15,10,222,91,273,40,284,29,108,205,208030,75.07,198,97,3,4.741803,24.7327,0,0,1,1,483,15,748,773920,10967,259,0,0,1,1,0,22.8,"Mandarin","Portuguese","Cantonese",0.84,0.16,0,7607,5395,1.41,0.07,0.2,0.47,0.09,0.17,0.04,0.3,0.33,8.3,0.91,0.19,0.36,0.27,0.16,0.16,0.19,0.37,0.27,0.09,0.07,0.01,0.06,0.19,0.33,0.26,0.15,0,1,0,0,0,45,86,15.59120246,0,0,0,0,20.0754239965145,1.47519090070234,0.128277469626291,11.4586075192627,0.842006303332405,0.0732179394202091,290,27.1801520236588
"8","Humber Heights-Westmount (8)",30,3,0,17,13,8,6,22,8,25,5,19,11,23,7,32400,56.13,595,58,31,4.855956,36.1911,1,1,0,0,82,140,753,491396,896,856,0,1,0,0,0,15.2,"Ukrainian","Spanish","Italian",0.7,0.3,1,10948,3981,2.75,0.13,0.1,0.35,0.14,0.28,0.09,0.46,0.27,7.4,0.73,0.69,0.28,0.01,0,0,0.08,0.32,0.29,0.14,0.17,0.05,0.14,0.28,0.23,0.15,0.15,0,1,0,1,1,58,54,25.33142639,7039,0,0,1,1.1842996733829,0.11842996733829,0,1.09826909130314,0.109826909130314,0,27,32.0273511915162
"80","Palmerston-Little Italy (80)",358,16,0,295,63,22,13,258,100,314,44,330,28,124,234,166598,72.19,218,95,3,4.922344,36.4518,0,0,0,0,521,159,742,781568,3262,665,0,1,1,0,0,13.8,"Portuguese","Cantonese","Italian",0.84,0.16,0,13826,9601,1.44,0.09,0.11,0.57,0.09,0.14,0.02,0.3,0.21,6.8,0.9,0.25,0.36,0.18,0.19,0.19,0.14,0.36,0.29,0.1,0.1,0.03,0.07,0.18,0.34,0.23,0.14,0,0,0,0,0,40,95,18.86810933,2291.666667,0,0,0,18.9738141611669,0.84799169435383,0,13.1060111562174,0.585743515361673,0,342,22.3537735035202
"81","Trinity-Bellwoods (81)",562,29,3,459,103,59,18,359,203,476,86,517,45,202,360,104565,60.09,195,94,4,4.395302,30.9212,0,0,1,1,715,332,742,723909,5380,1415,1,1,1,0,0,14.7,"Portuguese","Mandarin","Cantonese",0.73,0.27,0,16556,9570,1.73,0.11,0.1,0.56,0.1,0.14,0.02,0.36,0.3,6.1,0.91,0.29,0.32,0.21,0.17,0.17,0.14,0.37,0.29,0.1,0.09,0.03,0.07,0.19,0.35,0.22,0.14,0,0,0,0,0,41,156,26.77774476,4139.6,0,0,0,20.9875777455129,1.08298888722397,0.112033333161101,20.5742409770788,1.06166012159303,0.109826909130314,533,36.5261899200253
"82","Niagara (82)",532,30,0,443,89,19,11,343,189,454,78,455,77,228,304,486176,72.54,336,84,1,5.064208,34.1422,0,0,0,1,591,65,747,398281,15621,1246,1,0,0,1,0,13.8,"Spanish","Mandarin","Portuguese",0.9,0.1,0,31180,10156,3.07,0.07,0.08,0.75,0.06,0.05,0,0.3,0.35,4.5,0.85,0.35,0.33,0.24,0.06,0.06,0.12,0.35,0.33,0.12,0.08,0.02,0.08,0.23,0.38,0.18,0.11,0,0,0,0,0,64,312,19.53632815,5347.625,0,0,1,27.2313198219902,1.53560074184155,0,19.4759718857756,1.09826909130314,0,502,20.130242400944
"83","Dufferin Grove (83)",290,21,3,243,47,24,14,193,97,246,44,259,31,134,156,24065,66.79,132,90,1,4.996398,32.3442,0,0,0,1,375,80,721,502736,4072,1303,0,0,0,0,0,17.9,"Portuguese","Spanish","Cantonese",0.76,0.24,0,11785,8540,1.38,0.11,0.09,0.57,0.1,0.13,0.01,0.38,0.31,7.5,0.9,0.29,0.48,0.1,0.12,0.12,0.1,0.29,0.34,0.15,0.12,0.04,0.13,0.21,0.28,0.18,0.15,0,0,0,0,0,42,94,16.21458922,3287.2,0,0,0,17.8851277738382,1.29512994224346,0.185018563177637,10.6166012159303,0.768788363912196,0.109826909130314,269,32.535564508249
"84","Little Portugal (84)",314,25,4,262,52,30,18,209,105,268,46,283,31,130,184,52210,60.04,144,88,3,4.3379,31.0218,0,0,1,1,344,55,727,514960,2597,983,0,0,0,0,0,15.7,"Portuguese","Cantonese","Mandarin",0.81,0.19,0,15559,12859,1.21,0.09,0.1,0.6,0.09,0.12,0.02,0.32,0.28,6.4,0.88,0.32,0.38,0.15,0.14,0.14,0.12,0.33,0.31,0.13,0.11,0.03,0.1,0.19,0.3,0.23,0.16,0,0,0,0,0,22,122,17.38358577,6815.5,0,0,1,18.0630166960082,1.43813827197517,0.230102123516028,11.4952164889728,0.915224242752614,0.146435878840418,289,34.8467254918303
"85","South Parkdale (85)",352,26,6,270,82,29,18,224,128,295,57,315,37,184,168,196602,33.1,204,83,5,5.434838,38.0424,1,0,0,0,564,70,695,500054,7617,4473,1,0,0,0,1,30.4,"Tibetan","Tagalog","Polish",0.76,0.24,0,21849,9583,2.28,0.1,0.1,0.57,0.11,0.12,0.02,0.43,0.48,8.6,0.89,0.25,0.52,0.12,0.1,0.1,0.1,0.28,0.33,0.14,0.15,0.05,0.13,0.19,0.24,0.19,0.21,0,0,1,0,0,40,110,24.80493413,6156.444444,0,0,1,14.1907250450739,1.04817855446569,0.241887358722851,12.8863573379568,0.951833212462718,0.219653818260627,326,36.4507332331668
"86","Roncesvalles (86)",108,11,1,78,30,12,6,73,35,101,7,80,28,56,52,40000,64.95,238,91,0,5.011874,40.1122,0,0,0,0,540,150,741,581425,2885,2268,1,1,1,0,1,20,"Polish","Hungarian","Tibetan",0.85,0.15,0,14974,9851,1.52,0.15,0.09,0.53,0.11,0.11,0.01,0.3,0.26,6.7,0.88,0.35,0.39,0.1,0.15,0.15,0.11,0.29,0.32,0.15,0.12,0.03,0.1,0.21,0.31,0.19,0.16,1,0,0,0,0,41,139,19.20689115,4172,0,0,0,5.62298183274704,0.572711112594606,0.0520646465995097,3.95376872869129,0.40269866681115,0.0366089697101045,97,24.0920432358305
"87","High Park-Swansea (87)",338,25,3,247,91,40,30,252,86,293,45,288,50,188,150,53400,77.14,1091,79,5,4.861611,44.7865,0,0,0,0,448,229,770,622206,6594,1680,0,1,1,0,0,11.2,"Polish","Serbian","Ukrainian",0.89,0.11,0,23925,4893,4.89,0.15,0.09,0.48,0.12,0.16,0.03,0.28,0.19,6,0.81,0.47,0.4,0.05,0.07,0.07,0.09,0.25,0.37,0.19,0.1,0.03,0.1,0.27,0.33,0.17,0.11,1,1,0,0,0,77,291,47.64471023,4831.9,1,1,1,7.09417684289272,0.52471722210745,0.062966066652894,12.3738317620153,0.915224242752614,0.109826909130314,313,33.3198464903169
"88","High Park North (88)",117,11,3,84,33,21,18,80,37,97,20,93,24,69,48,41800,80.58,789,84,1,5.075945,41.8664,0,0,0,0,254,241,759,609689,2577,1054,0,1,1,0,0,16.5,"Russian","Polish","Spanish",0.83,0.17,0,22162,11726,1.89,0.13,0.09,0.53,0.12,0.14,0.02,0.35,0.24,7.1,0.83,0.34,0.55,0.05,0.05,0.05,0.07,0.22,0.4,0.2,0.1,0.03,0.1,0.27,0.31,0.16,0.13,0,0,0,0,0,61,145,23.63400611,2299.333333,0,0,0,4.95049376967433,0.465431038174509,0.126935737683957,4.28324945608223,0.40269866681115,0.109826909130314,106,29.502808310627
"89","Runnymede-Bloor West Village (89)",90,11,0,67,23,14,19,67,23,73,17,78,12,58,32,8670,85.85,427,81,0,4.720005,43.0176,0,0,1,0,334,220,777,666204,2421,251,0,1,1,0,0,6.7,"Ukrainian","Greek","Polish",0.92,0.08,0,10070,6333,1.59,0.2,0.1,0.46,0.12,0.12,0.02,0.23,0.16,5.1,0.8,0.48,0.41,0.05,0.06,0.06,0.08,0.19,0.38,0.24,0.11,0.02,0.09,0.3,0.37,0.13,0.09,1,0,0,0,0,55,102,19.86655409,2667.5,0,0,0,4.53022701331492,0.55369441273849,0,3.29480727390941,0.40269866681115,0,79,24.8906366571024
"9","Edenbridge-Humber Valley (9)",66,7,0,55,11,8,13,51,15,62,4,55,11,42,24,0,63.36,1192,49,22,4.856194,36.4241,0,1,0,0,153,30,761,873268,1334,751,0,0,1,0,0,9,"Ukrainian","Spanish","Italian",0.82,0.18,0,15535,2840,5.47,0.14,0.12,0.38,0.15,0.21,0.04,0.39,0.21,6.1,0.71,0.68,0.28,0.02,0.01,0.01,0.11,0.28,0.29,0.17,0.15,0.05,0.15,0.28,0.28,0.12,0.12,0,1,0,0,1,63,150,44.71755334,4880.25,0,1,1,1.4759304807708,0.156538081293873,0,2.4161920008669,0.256262787970732,0,59,27.0720852422874
"90","Junction Area (90)",213,17,3,157,56,19,20,144,69,185,28,190,23,110,103,12000,64.27,282,83,1,5.118478,37.1691,0,0,0,0,631,30,733,532997,6528,1155,1,0,0,0,0,13.3,"Portuguese","Vietnamese","Spanish",0.84,0.16,0,14366,5442,2.64,0.15,0.1,0.52,0.12,0.1,0.01,0.32,0.3,5.6,0.85,0.41,0.44,0.07,0.07,0.07,0.1,0.2,0.34,0.22,0.13,0.04,0.11,0.27,0.29,0.17,0.12,1,0,0,0,0,93,146,26.82264851,5993.6,1,0,1,7.94105026282507,0.633792743981344,0.111845778349649,7.79771054825227,0.622352485071777,0.109826909130314,196,27.6433826843773
"91","Weston-Pellam Park (91)",117,11,2,98,19,17,26,86,31,98,19,100,17,73,44,84270,40.47,83,75,4,4.626214,36.0791,1,0,1,0,178,84,698,382119,1214,1754,0,0,0,0,0,20.5,"Portuguese","Spanish","Vietnamese",0.68,0.32,1,11098,7601,1.46,0.15,0.13,0.48,0.13,0.12,0.01,0.48,0.38,8.5,0.88,0.48,0.42,0.04,0.04,0.04,0.08,0.2,0.34,0.18,0.19,0.09,0.17,0.23,0.23,0.11,0.18,1,0,0,1,0,32,104,16.90758145,2896.8,0,0,0,6.91997257833704,0.650595712493226,0.118290129544223,4.28324945608223,0.40269866681115,0.0732179394202091,106,35.372714493179
"92","Corso Italia-Davenport (92)",175,17,3,137,38,30,21,125,50,150,25,153,22,121,54,0,54.03,136,79,3,4.425372,36.7577,1,0,1,0,420,105,708,502819,2111,1294,0,0,0,0,0,13.5,"Portuguese","Italian","Spanish",0.69,0.31,1,14133,7478,1.89,0.14,0.11,0.49,0.12,0.14,0.02,0.43,0.25,7.2,0.85,0.48,0.42,0.05,0.05,0.05,0.07,0.21,0.36,0.18,0.17,0.07,0.14,0.24,0.25,0.15,0.14,0,0,0,0,0,73,124,22.3904709,3832.833333,1,0,0,7.81582490076169,0.759251561788278,0.133985569727343,6.4065696992683,0.622352485071777,0.109826909130314,158,35.9110233701344
"93","Dovercourt-Wallace Emerson-Junction (93)",459,26,4,356,103,40,39,331,128,394,65,389,70,201,258,97970,57.09,409,88,8,4.98361,33.948,1,0,0,1,890,179,719,512789,5077,3563,1,1,0,0,1,17.1,"Portuguese","Cantonese","Spanish",0.74,0.26,0,36625,9819,3.73,0.12,0.11,0.54,0.11,0.12,0.02,0.4,0.34,7.2,0.89,0.35,0.47,0.06,0.1,0.1,0.08,0.28,0.35,0.16,0.13,0.05,0.13,0.21,0.28,0.18,0.16,0,0,0,0,0,137,286,47.68163149,3898.416667,1,1,0,9.62634846285122,0.545283355194187,0.0838897469529518,16.803517096938,0.951833212462718,0.146435878840418,433,35.5637899433345
"94","Wychwood (94)",203,25,3,165,38,30,10,142,61,178,25,186,17,98,105,24000,65.46,466,86,3,5.14814,44.1965,0,0,0,0,379,84,745,656868,5143,911,0,0,1,0,0,16.6,"Portuguese","Cantonese","Greek",0.82,0.18,0,14349,8541,1.68,0.13,0.09,0.45,0.11,0.22,0.06,0.33,0.27,5.2,0.89,0.36,0.46,0.08,0.09,0.09,0.09,0.31,0.36,0.14,0.11,0.04,0.11,0.22,0.31,0.19,0.13,0,1,0,0,0,62,75,22.11651935,3112.5,0,0,0,9.17865948015911,1.13037678327083,0.135645213992499,7.43162085115122,0.915224242752614,0.109826909130314,178,35.4767155531118
"95","Annex (95)",500,36,3,381,119,53,17,355,145,423,77,423,77,255,245,553355,78.6,1401,94,11,4.951476,37.4325,0,0,0,0,2328,201,755,993491,25719,1150,1,1,1,1,0,18.3,"Mandarin","Cantonese","Korean",0.9,0.1,0,30526,10863,2.81,0.08,0.12,0.49,0.11,0.19,0.03,0.29,0.25,6.7,0.92,0.24,0.42,0.21,0.11,0.11,0.16,0.42,0.27,0.09,0.06,0.02,0.06,0.19,0.39,0.23,0.12,0,1,0,0,0,120,331,39.47685229,5810.5,1,1,1,12.6656501467483,0.911926810565879,0.0759939008804899,18.3044848550523,1.31792290956376,0.109826909130314,464,32.4065652722244
"96","Casa Loma (96)",155,14,1,125,30,16,7,119,36,130,25,122,33,67,88,28600,82.31,714,80,3,4.731636,38.1693,0,0,1,0,258,142,771,1083381,3283,189,0,1,1,0,0,12.7,"Spanish","Mandarin","Cantonese",0.93,0.07,0,10968,5683,1.93,0.11,0.1,0.42,0.13,0.24,0.04,0.27,0.17,6.6,0.92,0.43,0.39,0.12,0.04,0.04,0.13,0.39,0.33,0.11,0.04,0.01,0.06,0.24,0.37,0.23,0.1,0,1,0,0,0,45,116,22.99642277,3815.5,0,0,0,6.7401787465051,0.608790338394009,0.0434850241710007,5.67439030506621,0.512525575941464,0.0366089697101045,141,26.0321367249827
"97","Yonge-St.Clair (97)",137,9,2,103,34,22,7,103,34,110,27,119,18,79,58,6500,80.99,1126,84,0,4.579535,39.3099,0,0,1,0,468,20,771,995616,7858,283,0,0,1,0,0,12.9,"Spanish","Persian","Russian",0.92,0.08,0,12528,10708,1.17,0.1,0.07,0.48,0.12,0.23,0.04,0.29,0.21,5.9,0.92,0.35,0.5,0.11,0.02,0.02,0.12,0.36,0.35,0.1,0.07,0.03,0.07,0.27,0.37,0.18,0.09,0,1,0,0,0,28,99,12.83543094,7116,0,0,1,10.6735800800468,0.701184092849788,0.155818687299953,5.01542885028432,0.329480727390941,0.0732179394202091,128,29.5573126253242
"98","Rosedale-Moore Park (98)",159,11,4,111,48,18,15,117,42,139,20,118,41,72,87,38672,83.78,2101,84,8,4.497581,38.2953,0,0,1,0,683,162,777,1265389,19160,499,1,1,1,1,0,10.2,"Mandarin","Spanish","Persian",0.93,0.07,0,20923,4500,4.65,0.13,0.1,0.38,0.14,0.25,0.04,0.27,0.18,6,0.92,0.41,0.39,0.13,0.04,0.04,0.17,0.43,0.25,0.08,0.07,0.01,0.08,0.26,0.39,0.18,0.08,0,1,0,0,0,91,305,48.24002744,3646.62069,1,1,0,3.29601802564812,0.228026404290122,0.0829186924691351,5.82082618390662,0.40269866681115,0.146435878840418,148,27.53208606103
"99","Mount Pleasant East (99)",101,8,1,82,19,19,16,76,25,83,18,80,21,66,35,3500,86.04,1297,88,1,4.528641,40.1053,0,0,1,0,463,82,777,815247,4741,288,0,0,1,0,0,10.3,"Spanish","Persian","Serbian",0.91,0.09,0,16775,5411,3.1,0.18,0.1,0.45,0.12,0.15,0.02,0.27,0.23,6.9,0.88,0.5,0.37,0.09,0.03,0.03,0.12,0.3,0.36,0.14,0.08,0.02,0.08,0.3,0.37,0.14,0.08,1,0,0,0,0,58,218,28.31337044,5380.714286,0,0,1,3.56721924767075,0.282552019617485,0.0353190024521856,3.69750594072056,0.292871757680836,0.0366089697101045,93,26.6206687473524
